Age,YearsExperience,YearsAtCompany,EducationLevel,Department,JobLevel,PerformanceRating,NumProjects,TrainingHours,CurrentSalary,SalaryGrowthPercent
50,26,22,1,2,1,3,14,63,78853.61,13.04
36,14,7,2,0,1,3,0,97,84564.28,11.68
29,6,0,1,4,1,3,9,98,44079.05,15.32
42,18,11,1,2,2,2,5,37,83628.45,6.08
40,15,13,1,2,3,4,7,37,80051.48,10.78
44,22,15,1,1,1,2,14,64,80356.89,13.99
32,6,1,3,0,3,4,0,75,110204.52,13.25
32,9,7,0,1,3,4,14,4,77486.88,11.52
45,20,18,1,1,2,4,10,63,80412.97,14.66
57,33,33,2,2,3,2,10,26,115641.6,6.32
45,23,22,1,0,3,4,5,19,120200.72,6.78
24,1,0,2,2,2,5,8,59,59501.26,13.26
43,21,17,1,2,2,4,5,39,78188.05,9.26
23,0,0,1,2,3,4,13,82,64029.39,13.9
45,21,17,1,2,5,4,1,78,114411.51,10.45
51,29,28,3,4,2,3,0,5,118553.22,9.58
59,34,29,2,3,2,4,3,72,91590.12,10.45
23,0,0,3,0,2,4,5,35,68152.92,16.4
42,17,10,0,4,1,4,9,86,61355.36,15.23
54,32,32,1,3,3,4,9,73,91951.26,11.33
33,9,3,1,3,2,3,8,64,56088.74,14.03
43,18,18,0,3,1,2,4,10,56681.74,7.46
46,20,19,1,4,2,3,6,48,87595.46,9.54
48,22,16,2,0,1,3,5,83,94188.32,10.12
49,27,26,1,1,2,3,5,27,91479.99,7.17
37,13,6,1,3,1,1,8,21,53192.46,7.57
36,13,10,2,1,1,3,4,83,64675.91,11.5
24,0,0,2,1,4,4,1,46,80244.87,11.88
58,32,25,1,2,4,3,7,79,119791.87,7.83
28,3,0,1,1,1,1,14,65,44794.34,10.8
42,19,15,1,2,2,3,10,24,68631.08,9.7
30,8,4,1,0,2,3,13,90,76685.04,10.44
39,16,13,2,0,2,3,2,66,93268.28,7.78
25,3,0,1,2,2,3,14,86,52562.3,13.67
46,23,23,2,0,2,5,13,31,116246.18,15.32
35,13,6,2,3,3,1,14,16,81527.97,7.81
30,8,5,2,0,1,4,8,39,71874.53,12.85
47,24,23,1,2,1,4,13,83,75278.96,13.05
23,0,0,1,3,3,5,4,29,59009.98,13.27
41,19,17,2,1,3,2,13,58,99930.19,9.64
49,23,22,1,1,2,3,0,27,89816.53,6.86
28,5,0,1,1,2,1,14,46,60885.24,8.11
29,5,2,1,2,2,3,3,22,59801.57,8.4
56,31,27,1,1,2,2,8,82,102641.92,9.53
35,13,12,2,0,2,4,0,56,93601.53,9.19
38,16,12,1,1,2,2,7,88,77530.16,8.38
57,32,31,1,4,2,3,7,87,111051.13,11.19
25,0,0,1,4,3,3,8,0,69499.93,10.18
23,0,0,1,1,3,5,8,91,66087.37,15.97
27,4,3,2,1,2,4,12,28,59714.67,12.68
25,0,0,2,4,2,3,5,49,60474.35,11.79
50,28,24,1,1,2,3,12,63,100463.63,9.86
39,14,12,0,3,2,2,4,98,62164.42,10.67
47,23,17,1,4,2,4,11,80,93882.56,12.66
55,32,32,2,2,4,4,11,74,124228.69,11.12
31,6,5,1,4,3,4,13,36,80436.2,9.46
57,35,33,2,0,4,1,13,60,147110.46,5.99
35,12,12,1,3,3,4,6,6,72725,8.54
52,30,29,2,2,5,4,8,89,130161.42,11.04
36,10,8,1,1,3,5,4,86,81636.63,13.92
29,5,3,2,0,5,3,11,63,121152.18,11.31
35,9,3,1,0,1,3,2,17,63366.73,9.86
44,20,15,2,3,1,3,8,28,69688.36,7.35
42,17,15,0,2,3,2,14,97,79773.26,11.16
37,14,9,1,0,5,4,9,59,125448.4,11.25
39,14,11,2,2,2,4,12,53,80272.4,15.69
45,21,15,1,2,1,3,0,71,69406.4,8.97
47,23,16,2,0,2,2,13,20,116019.94,7.06
46,22,18,2,2,3,2,0,20,100751.43,7.1
50,28,22,1,3,2,5,9,57,84324.36,15.14
36,13,13,1,0,3,3,13,48,103758.79,9.19
22,0,0,1,3,5,3,10,35,77106.51,9.24
46,21,17,1,3,4,3,11,16,88732.87,9.03
28,2,0,1,2,2,3,3,79,57484.49,12.09
30,6,1,2,2,2,4,1,52,71032.75,12.57
45,21,14,1,0,2,4,6,14,98253.4,10.56
22,0,0,1,1,2,2,1,78,58970.72,8.18
29,4,0,1,0,1,4,14,39,50977.09,14.3
45,19,17,0,3,3,3,6,80,76583.7,7.52
32,10,5,1,2,2,5,7,50,65413.73,13.46
38,15,11,2,3,4,3,11,64,86013.59,8.1
29,7,2,2,4,4,1,10,12,101947.7,3.17
56,31,28,1,4,1,3,7,37,90245.04,14.86
56,32,27,3,3,5,2,2,73,129629.84,4.07
54,31,30,1,1,3,1,8,96,109508.23,8.68
26,1,0,3,1,2,4,9,25,61804.76,13.96
49,24,24,2,0,2,4,9,75,108264.6,13.6
28,3,2,2,0,2,3,9,82,80086.67,9.96
30,7,6,0,0,2,4,5,14,67689.33,10.95
29,6,0,1,2,3,3,3,4,72335.52,5.99
33,7,0,0,1,1,4,7,1,48058.53,11.16
55,29,28,2,3,3,3,3,77,99370.87,9.84
54,32,28,1,4,2,4,3,92,116021.71,14.75
44,21,16,2,1,1,2,10,64,80333.82,10.97
45,22,17,1,1,3,3,7,76,92377.61,9.4
58,35,29,2,1,3,3,3,59,124012.36,8.85
56,30,26,1,0,2,3,0,95,115314.33,10.91
43,18,16,1,2,1,4,5,97,61708.71,11.53
48,24,20,1,3,4,3,11,55,96940.87,11.15
56,30,26,1,0,3,2,7,77,127763.61,8.13
22,0,0,1,2,1,3,13,37,47598.37,11.26
56,30,28,2,1,2,3,13,56,103289.39,9.35
58,36,30,0,2,2,4,2,50,101458.53,6.69
35,12,10,1,0,1,3,1,40,69478.59,11.79
24,2,0,2,1,3,4,5,78,79440.38,10.64
22,0,0,0,0,4,3,0,69,90370.17,9.89
26,0,0,3,3,3,4,10,92,68446.13,15.78
47,22,19,3,1,1,5,4,82,87770.02,14.61
35,11,8,0,2,4,4,5,51,89389.47,9.59
48,26,21,1,0,2,4,7,0,101368.96,9.57
30,4,3,1,4,4,3,6,84,89977.66,9.85
36,11,10,2,2,1,5,5,17,57488.59,12.56
36,10,7,1,2,2,4,1,26,69539.47,9.51
47,25,22,2,1,3,5,11,91,110893.52,15.04
34,10,10,2,2,1,4,7,71,60524.99,14.23
53,27,20,1,0,3,4,7,94,121922.89,13.29
53,30,29,2,4,3,3,10,75,126742.22,10.73
25,0,0,2,3,1,3,4,41,35573.44,11.22
51,25,18,1,4,3,3,2,5,117716.04,7.93
58,33,33,2,0,2,4,11,89,126420.4,12.61
44,21,14,2,1,1,2,10,79,75300.45,8.69
36,12,6,1,0,5,3,7,93,113256.78,7.34
50,26,26,1,2,4,3,4,82,111460.59,9.49
57,34,27,1,1,2,3,2,81,106920.89,11.6
34,9,2,0,3,2,4,8,23,54163.17,10.73
53,27,23,3,3,2,4,8,44,86443.73,12.85
28,5,0,1,0,3,3,11,83,80017.47,11.64
43,21,16,2,2,4,3,14,70,115828.24,11.22
49,24,18,1,3,2,3,6,6,72071.27,8.59
23,0,0,0,4,4,3,12,15,77117.5,10.27
27,4,3,3,1,2,3,7,57,71458.94,7.29
49,25,22,2,4,2,2,12,56,101174.13,10.12
49,24,17,1,3,4,3,4,41,96818.45,8.84
41,17,11,1,3,2,3,4,13,66590.39,9.17
51,28,25,1,0,2,4,4,55,108914.5,11.13
32,7,5,1,0,3,3,14,11,93718.89,11.9
49,27,21,1,1,2,3,1,92,93884.81,11.53
46,23,22,1,0,2,2,2,14,97319.28,8.33
54,28,22,3,2,4,5,7,7,126031.25,12.46
22,0,0,1,1,3,3,13,57,62764.72,11.98
48,23,20,2,2,4,1,12,52,109393.74,7.25
34,11,7,2,0,2,3,14,8,95819.14,9.23
24,2,0,1,1,2,4,5,45,57267.29,13.93
27,5,5,2,3,5,4,8,91,84481.75,10.98
29,3,0,1,4,2,4,6,90,62042.65,13.32
48,24,21,2,3,1,2,13,6,72466.98,6.77
30,5,0,1,2,2,4,14,43,58588.12,15.63
58,33,32,1,3,2,4,5,13,87164.21,13.24
54,30,25,2,3,1,3,14,74,75183.29,14.81
45,23,21,1,4,4,4,10,95,117429.33,13.67
36,14,8,2,4,5,3,13,91,120565.31,12.09
53,30,26,3,3,3,3,3,5,104985.16,9.39
53,27,26,0,4,3,4,6,34,108350.2,9.83
45,19,15,1,3,4,4,3,69,97329.82,9.8
33,7,7,1,1,3,1,6,60,80599.28,4.34
23,0,0,2,3,1,3,4,23,32420.01,13.85
24,0,0,2,0,1,4,1,72,57372.95,13.53
58,34,33,1,4,1,1,6,1,105066.23,5.44
38,15,13,1,4,1,1,7,77,68176.66,5.99
23,0,0,2,2,2,3,9,50,63861.22,10.94
23,0,0,1,2,2,5,10,30,48052.31,13.39
49,23,23,2,0,1,5,1,93,91988.47,14.22
44,20,20,2,4,1,3,5,26,82240.13,10.77
58,34,30,3,4,2,3,3,99,123285.97,12.17
53,29,29,1,2,2,3,4,30,96754.5,9.67
54,31,30,1,2,3,3,0,69,107832.37,8.65
22,0,0,1,3,1,4,5,42,36179.55,14.32
40,14,7,0,4,4,2,11,81,109100.39,7.84
23,0,0,3,4,5,3,11,51,104884.11,11.75
47,22,16,0,3,3,4,10,13,84281.45,9.47
53,27,20,2,4,3,2,13,58,120920.56,10.76
27,1,0,1,0,4,3,14,19,90888.89,9.06
53,29,23,1,2,1,3,7,51,83158.51,12.19
25,1,0,0,2,5,4,1,74,79068.37,11.23
32,9,8,2,2,3,3,0,39,82502.71,10.45
38,13,11,1,1,3,3,8,67,86484.12,8.95
59,34,32,1,0,2,3,14,43,124091.1,10.48
45,21,17,3,0,2,5,1,5,112737.97,11.53
26,0,0,1,3,3,3,7,86,62614.98,10.55
55,31,27,1,1,3,5,14,56,109970.72,17.17
27,1,0,1,4,3,4,4,57,69032.67,11.21
43,17,16,1,0,1,4,1,71,79875.45,10.51
32,8,4,3,1,2,2,4,29,75777.57,9.92
37,15,12,1,1,2,3,8,99,80191.87,12.65
54,29,23,0,0,2,2,5,51,112421.1,7.08
30,4,0,1,3,1,3,2,10,39883.38,7.15
27,1,0,2,1,1,5,11,46,50852.49,19.08
37,15,12,1,2,2,2,7,4,76112.87,9.61
50,27,26,2,1,2,3,13,2,105033.29,10.74
24,2,0,0,4,1,1,0,14,56606.85,6.5
41,19,16,1,0,4,4,8,1,117380.16,9.47
57,31,24,2,4,3,2,8,1,131750.55,5.92
40,15,11,0,3,3,2,3,71,68790.53,8.85
47,25,21,2,2,1,3,12,53,79894.38,11.21
24,1,0,0,0,3,4,7,45,72532.78,12.85
40,16,13,2,1,2,2,10,93,85248.44,10.58
41,19,16,1,2,5,3,13,40,118278.18,8.75
53,31,30,2,1,3,1,13,68,113617.93,6.33
28,5,3,1,3,3,5,10,29,53206.45,10.94
54,29,25,0,0,4,3,2,43,142870.6,7.97
39,17,10,1,3,1,4,12,9,53328.95,11.22
22,0,0,1,3,1,4,5,96,39967.19,15.03
32,7,6,1,3,3,2,9,87,70617.14,9.21
49,26,25,1,3,1,3,9,82,73557.72,12.22
46,24,24,1,1,1,2,7,29,81045.72,7.86
44,19,15,2,4,3,3,10,88,109707.46,12.28
52,30,24,2,1,2,3,8,74,103909.6,11.03
51,27,26,2,2,3,3,7,48,100550.48,9.25
56,30,30,1,3,4,2,8,34,104218.3,7.66
28,4,0,1,2,2,1,3,64,55884.23,7.56
37,15,8,1,1,1,4,9,16,61721.67,11.93
47,24,19,2,3,1,4,0,30,72418.49,12.32
23,0,0,1,1,1,2,6,69,35202.5,11.2
22,0,0,0,3,1,2,10,76,35715.09,12.44
33,8,5,2,1,1,4,11,51,60721.54,10.99
26,3,3,1,0,2,4,9,25,66152.26,15.21
58,34,31,2,4,2,5,3,99,116299.99,15.75
53,28,23,2,4,3,3,0,4,120092.95,8.02
30,8,3,0,3,4,3,2,13,68726.56,6.12
56,31,29,1,0,3,3,6,50,125741.2,6.85
40,16,14,1,2,2,4,10,14,70080.91,12.16
37,13,6,2,0,1,2,2,11,72246.17,8.73
24,2,0,1,3,3,2,0,45,56589.35,5.09
41,16,14,2,0,2,2,6,63,97072.24,10.02
45,20,18,1,2,1,4,7,71,73534.05,15.21
54,32,26,1,3,4,3,14,58,102590.4,12.33
45,20,19,0,4,2,4,4,94,86794.64,12.88
32,10,8,2,0,1,4,5,25,66201.13,11.47
29,6,5,1,4,4,4,13,28,92805.07,12.23
57,33,32,2,4,4,3,2,3,134853.32,7.44
59,36,32,1,1,2,5,13,49,103941.61,14.98
41,15,14,1,2,2,3,4,91,74826.92,9.81
56,30,29,2,0,3,2,2,24,137102.29,3.83
46,20,18,2,4,3,5,12,39,111295.68,15.06
56,34,33,1,4,1,1,1,31,94787.36,4.81
46,21,18,1,2,3,3,13,99,97362.37,10.27
50,27,21,2,4,5,3,6,74,150940.94,7.35
39,16,14,1,4,2,3,9,36,83929.22,9.51
39,16,10,1,4,4,3,10,9,100645.68,6.1
23,0,0,3,4,5,3,6,37,100047.83,11.43
56,30,28,1,1,2,3,11,60,100612.05,11.65
37,14,13,0,1,3,4,7,99,79711.11,13.81
57,32,29,0,3,1,3,11,26,68864.82,8.47
54,28,22,2,0,3,3,0,80,131481.21,7.31
25,2,0,2,2,3,3,1,6,70839.47,11.48
54,32,29,1,3,1,4,1,72,76804.93,10.73
35,11,5,1,1,3,4,11,98,79978.36,13.32
42,18,18,1,1,4,4,2,8,113918.03,7.23
41,17,12,2,1,2,2,6,58,82150.6,7.31
29,3,0,0,3,1,2,6,35,34359.65,10.04
28,5,0,3,1,1,2,6,29,54333.08,9.98
24,0,0,1,3,3,2,0,94,53018.06,11.09
38,13,8,3,1,5,3,1,18,117294.27,4.23
54,32,28,1,4,4,5,7,40,131090.1,11.94
33,11,6,2,4,2,3,8,54,80329.64,9.79
43,19,15,1,0,2,5,9,86,94084.55,14.51
43,19,17,0,1,2,1,12,83,75311.86,7.43
51,27,23,2,0,1,5,6,5,103910.56,13.91
59,36,29,2,3,2,2,12,87,98739.29,10.13
59,34,27,1,0,2,5,0,21,110944.26,11.17
29,4,1,2,1,2,2,14,69,71230.55,14.32
48,23,19,1,3,5,5,14,23,107563.21,10.19
48,23,20,2,3,3,3,11,61,84713.61,9.03
55,31,24,1,4,3,3,3,41,122949.33,11.12
42,20,14,1,3,1,3,9,21,65517,12.49
51,27,21,1,3,5,3,7,81,105013.95,6.31
54,29,24,1,0,3,4,13,15,125638.56,14.23
49,25,20,2,3,4,5,12,99,105021.79,15.84
54,29,24,1,2,2,4,4,12,97640.18,8.96
26,0,0,1,4,2,4,0,36,59813.88,11.59
40,18,13,1,4,2,2,6,51,83734.96,7.29
25,0,0,2,3,1,4,5,23,37969.39,13.02
56,33,29,1,0,3,3,8,82,127173.48,9.77
38,14,13,1,4,4,4,3,83,101101.42,9.02
49,26,25,3,4,1,3,3,90,100958.62,9.82
51,27,23,1,2,1,4,7,16,82824.71,11.57
50,24,18,2,3,3,3,13,15,91367.36,8.42
27,2,0,2,4,2,3,13,0,71804.95,9.13
56,31,24,1,4,3,3,3,84,120887.82,10.42
58,34,27,3,4,3,3,2,90,147118,11.21
45,20,18,2,4,2,3,6,0,87853.55,9.38
50,24,24,1,0,4,1,12,29,131244.6,5.39
52,27,26,1,1,2,4,4,83,96348.81,10.84
56,30,26,2,2,4,2,8,23,130520.89,8.43
54,31,31,1,0,3,4,4,45,123833.12,11.74
42,16,15,2,2,4,2,8,1,99879.13,9.31
53,31,29,1,4,1,2,5,14,94206.16,9.14
44,22,15,1,2,1,3,5,28,67551.76,9.95
54,32,29,1,3,1,3,10,98,76505.1,15.06
24,0,0,0,3,2,3,14,61,36089.51,12.57
39,15,13,0,1,4,3,5,12,100280.88,6.92
46,22,15,2,1,2,3,6,82,100716.64,10.99
52,26,20,2,2,4,4,11,64,124318.17,11.2
24,0,0,2,0,2,3,10,44,70854.99,15.42
45,22,18,2,0,2,3,3,46,108906.18,8.23
53,31,31,2,4,4,4,3,15,138023.71,6.66
43,17,11,1,0,2,4,8,2,96535.72,9.69
44,22,15,2,1,3,3,14,69,111045.48,11.95
23,0,0,1,0,1,4,11,94,52731.28,14.94
48,22,17,3,4,4,5,6,4,131218.84,10.99
23,0,0,2,3,3,3,10,25,64448.44,8.04
47,24,17,1,0,3,3,9,91,118401.66,8.96
38,14,8,1,0,1,5,5,14,67429.7,10.68
54,30,29,1,1,2,2,0,72,97633.87,8.82
30,7,4,1,2,4,1,6,54,85834.23,2.92
50,27,23,1,3,4,3,5,21,98615.7,6.49
47,22,17,1,2,1,4,11,36,68629.02,12.23
56,32,25,0,4,2,5,3,84,104446.31,11.8
46,22,20,3,4,2,4,12,28,107858.07,13.05
45,23,20,2,2,1,5,7,25,80448.59,14.39
34,8,8,2,1,3,2,6,69,83009.06,10.46
28,2,1,2,1,1,2,7,10,50649.42,9.37
57,35,28,1,1,2,4,8,99,110300.17,10.13
41,15,15,1,3,3,5,0,19,73009.37,9.9
22,0,0,2,4,2,3,2,83,57939.43,11.5
29,3,0,3,4,3,2,1,90,89805.22,11.9
37,11,6,1,4,5,3,2,69,112373.52,7.46
35,13,11,2,3,1,3,10,32,62669.53,11.44
33,8,6,3,4,3,3,10,29,91075.9,9.48
44,18,18,2,2,1,1,1,49,76283.81,7.05
36,10,6,3,0,2,5,10,33,91614.57,13.31
49,24,20,1,3,1,3,5,4,69809.11,6.24
55,33,28,3,0,1,4,8,79,114248.39,10.16
23,0,0,2,2,2,2,1,11,51850.46,8.56
53,31,31,0,1,2,2,3,75,96903.66,8.24
44,21,21,3,1,4,3,4,74,121399.28,10.29
43,21,14,1,1,3,4,4,51,99137.36,10.77
46,23,16,1,3,5,3,14,50,103358.06,6.29
43,20,20,1,1,3,4,13,20,98312.32,10.2
43,21,14,1,3,1,4,0,70,67656.32,11.55
27,3,0,1,3,2,2,12,57,54303.66,9.52
36,14,7,2,0,2,3,5,97,91196.28,12.2
58,32,27,0,1,2,4,13,63,91974.89,12.42
54,28,24,1,4,3,3,4,92,114437.12,11.01
29,5,1,0,1,2,3,12,5,59889.93,12.18
26,3,0,1,1,2,3,5,99,52747.53,13.17
25,1,0,2,1,1,3,13,97,52937.62,15.03
27,1,0,2,4,1,5,3,48,61468.19,13.27
53,29,24,3,4,1,2,12,71,106111.51,11.02
51,29,29,2,3,1,3,10,36,73336.27,8.54
56,32,29,1,4,3,3,5,9,115992.48,5.89
37,14,14,3,3,1,4,8,79,62254.19,14.54
34,12,7,2,0,3,4,0,65,103982.9,8.85
51,26,20,1,3,2,5,14,55,81086.64,18.19
40,14,9,2,1,1,4,5,82,72881.82,14.66
38,12,10,3,2,4,3,0,70,102415.79,8.97
40,16,16,2,2,3,3,11,65,93122.91,6.59
49,27,23,1,1,1,3,6,44,79174.41,7.27
47,22,19,2,3,4,4,3,86,97899.63,14.7
58,36,30,0,1,1,4,5,94,94539.84,12.03
47,21,16,1,4,1,5,6,67,80124,16.19
44,22,22,1,3,3,4,12,63,86961.63,11.51
30,5,0,1,1,3,3,10,15,70342.78,8.72
33,9,8,0,4,2,1,4,9,65465.8,2.54
22,0,0,1,4,1,2,8,20,45508.45,7.13
22,0,0,2,3,4,2,7,91,73348.05,10.85
55,32,27,2,0,2,2,14,11,130029.41,9.03
53,27,26,3,0,1,3,2,12,110032.58,8.48
46,22,21,1,4,2,3,0,80,99079.4,6.49
22,0,0,1,0,4,4,10,81,81809.95,13.02
37,15,13,3,4,1,3,13,9,80080.2,11.88
26,2,0,1,0,3,3,9,91,85248.96,15.64
43,21,19,2,4,3,3,7,12,106590.08,10.06
50,28,22,2,4,2,3,3,33,111651.67,9.38
24,1,0,0,4,3,5,6,58,66036.1,12.77
33,9,7,2,4,5,2,3,48,123997.53,7.81
47,25,24,2,2,1,5,6,5,81600.57,13.12
37,14,10,0,0,1,3,13,11,66059.84,10.13
58,33,29,0,4,4,3,0,28,136190,8.21
43,20,13,0,1,3,2,0,76,89554.18,6.31
50,27,25,1,3,2,2,1,25,84766.26,7.66
35,13,7,1,1,3,3,4,67,87730.32,7.48
49,23,20,1,1,3,4,14,78,105848.67,12
26,0,0,1,2,3,3,10,15,62323.52,10.92
51,25,20,3,0,4,3,13,52,147284.96,10.44
26,3,0,1,2,2,3,9,18,55128.41,10.35
33,11,8,0,0,2,3,5,46,66245.28,7.23
37,13,8,1,4,3,5,1,89,89711.74,14.48
47,24,21,1,2,2,4,0,31,98617.61,7.45
47,24,21,1,3,3,3,8,69,85060.06,11.32
42,20,13,1,0,2,3,12,69,98421.45,11.35
57,32,28,1,2,1,2,14,60,90976.43,10.23
54,31,31,2,3,2,5,6,4,93148.19,12.25
51,26,23,3,1,3,3,7,58,117689.73,9.01
58,33,31,1,4,3,4,13,1,118569.2,10.54
44,18,13,1,4,2,3,5,1,92157.86,8.61
31,9,3,2,1,1,5,12,2,66934.48,14.48
26,1,0,2,2,2,3,8,69,64765.45,12.35
57,35,30,1,1,3,3,7,94,124774.15,10.42
55,29,22,3,3,2,4,3,42,89071.43,11.38
52,30,28,1,0,3,5,4,4,127181.71,10.6
31,8,6,1,2,2,5,1,49,64831.69,9.79
40,15,12,2,0,1,4,0,9,77849.55,9.49
53,31,29,3,1,3,4,13,26,122979.35,10.59
22,0,0,2,4,1,3,5,23,54140.42,10.98
26,4,0,0,0,2,4,2,21,66007,9.69
25,0,0,1,0,1,4,10,88,57550.04,15.92
37,11,8,1,4,1,3,3,2,59445.81,10.14
45,19,14,1,0,2,4,13,15,91746.9,11.14
37,12,5,2,0,2,3,0,29,100501.47,8.88
23,0,0,2,4,3,3,5,42,75617.95,9.88
49,26,22,2,4,3,4,7,3,109619.3,9.9
53,27,20,3,1,3,3,13,39,121098.6,12.78
48,22,15,1,1,2,3,9,15,83699.99,6.83
41,16,10,2,0,3,3,3,71,109773.13,8.62
45,22,18,2,2,3,3,9,87,95312.96,11.27
33,7,3,1,1,2,3,14,15,69945.9,9.73
56,33,28,2,1,3,5,7,90,124132.84,13.9
54,28,27,1,2,4,4,10,65,110049.19,9.65
54,32,26,2,2,1,4,9,54,92903.72,13.77
58,34,30,1,4,4,2,2,19,139318.6,4.95
33,11,7,1,1,1,5,14,50,58653.38,16.2
24,0,0,2,3,2,4,12,83,57478.29,16.95
22,0,0,2,3,2,1,14,83,55391.07,10.26
54,30,24,1,0,3,4,10,82,126583.67,14.52
31,5,1,0,1,1,5,13,56,43593.19,17.91
50,24,21,1,3,4,2,6,50,93545.49,6.05
34,11,6,1,1,4,3,2,17,88713.49,9.04
33,7,1,2,1,3,5,14,76,80018.59,17.7
52,27,23,3,3,2,1,5,80,88985.64,9.55
23,0,0,1,1,4,4,3,58,84305.9,8.8
56,31,30,2,2,4,3,5,96,119700.93,11.12
44,18,12,1,0,2,3,6,27,94747.81,9.48
38,15,12,2,4,3,4,7,68,101175.95,10.78
47,22,17,1,3,3,2,13,27,82595.78,5.53
29,7,5,1,4,3,4,5,88,85656.89,11.65
50,25,25,2,0,2,1,3,83,111837.18,7.06
47,24,21,0,2,2,3,8,84,78497.9,9.77
31,6,4,2,2,1,3,6,12,61340.83,8.43
47,21,18,2,2,2,3,8,5,84675.54,8.26
55,29,23,1,2,3,3,14,28,107933.22,8.76
28,5,3,1,3,5,4,2,8,81794.63,9.17
25,1,0,2,3,5,5,4,28,79593.35,11.2
32,6,4,2,1,3,4,0,37,80678.28,7.44
50,28,25,1,1,3,3,10,64,118423.01,11.37
57,34,33,1,0,1,4,11,55,101458.56,14.45
46,21,18,2,1,3,5,7,29,101698.37,12.46
42,17,11,1,0,1,3,0,95,84428.81,8.96
57,35,32,1,0,2,3,0,58,119301.84,6.03
31,5,0,1,0,3,2,13,86,82906.16,11.1
58,35,28,2,2,2,3,6,57,108336.74,11.08
30,8,6,2,4,1,5,13,9,63105.6,13.02
45,19,12,3,4,4,3,10,20,127612.21,10.27
56,33,33,2,3,2,4,13,55,93031.67,11.07
56,31,29,3,0,1,2,7,25,116751.57,8.82
57,34,27,1,2,1,2,2,14,88803.22,3.7
39,15,11,2,1,2,3,1,80,80229.57,8.74
53,30,27,0,1,1,5,6,34,74599.36,10.39
45,21,16,2,3,3,3,9,88,95359.42,11.99
44,21,18,1,3,2,4,4,14,70708.13,10.6
53,29,22,1,0,4,2,14,96,137339.12,13.09
58,33,32,2,0,1,4,0,74,114187.62,12.51
33,7,1,2,1,2,4,1,87,67362.34,13.03
34,10,5,0,1,3,4,2,5,79662.96,6.94
44,20,18,2,1,3,1,5,27,104018.44,6.52
46,21,20,1,1,3,2,13,62,97415.06,12.79
56,32,29,1,4,4,3,0,28,131251.36,8.35
51,29,22,2,0,1,5,14,47,100852.89,15.86
38,13,11,1,0,2,2,7,62,87116.32,8.53
41,19,17,3,1,4,1,1,57,120044.79,2.63
46,21,17,1,2,1,3,4,20,68320.16,10.39
43,19,15,2,1,1,3,7,75,79596.35,10.54
34,12,5,2,3,1,4,12,21,62323.8,10.83
40,16,9,1,2,3,5,4,26,86505.86,11.37
57,32,32,1,3,2,3,12,84,86709.39,10.55
33,9,5,2,2,1,5,13,78,55724.59,14.92
40,18,12,2,3,2,4,7,56,74259.07,11.51
33,11,6,1,1,3,3,13,81,81822.4,8.36
30,6,4,1,1,1,5,5,9,47813.85,12.11
28,5,1,0,2,2,4,6,21,55389.73,12.09
49,24,17,1,3,3,3,7,43,88479.55,7.57
35,10,10,1,4,4,4,2,83,99020.86,12.64
52,28,21,0,2,3,3,12,82,96473.59,9.8
40,17,10,2,2,3,2,11,27,97076.46,6.23
37,15,8,2,0,2,4,13,49,87973.6,14.26
26,0,0,3,2,2,4,4,50,57178.2,13.56
56,30,25,2,4,2,4,9,0,112247.03,12.91
33,9,5,3,1,4,3,6,33,109557.53,11.2
46,23,21,1,3,2,5,8,34,76484.77,11.08
42,19,16,2,0,4,1,13,89,131109.65,10.98
57,32,25,3,3,5,3,5,60,124789.48,5.31
44,22,16,2,1,1,3,9,29,73422.11,8.67
37,14,12,0,2,1,1,0,75,51396.39,4.04
35,9,6,2,4,1,3,10,77,68330.98,14.2
52,30,24,3,0,2,4,7,67,121566.45,13.76
26,4,0,2,4,1,4,5,75,54172.22,15
56,32,27,1,4,4,5,0,87,126772.05,8.6
44,21,19,2,4,1,4,3,39,80723.11,11.64
50,26,22,3,4,2,3,5,94,116087.81,15.31
32,9,5,0,1,1,4,12,64,48076.3,13.89
39,14,14,2,4,4,4,14,36,115140.32,11.12
33,9,6,1,4,3,3,9,63,82084.68,11.61
30,6,6,2,1,4,4,0,0,99764.84,8.42
31,5,4,2,3,5,3,9,14,90011.78,6.97
38,14,10,1,1,2,3,4,12,74157.03,7.21
59,36,33,1,2,1,3,2,28,91535.03,9.79
28,2,0,2,1,1,4,6,54,46233.82,13.7
34,10,10,1,3,1,4,12,44,47562.52,13.17
30,6,1,1,2,3,3,7,3,77598.16,5.87
48,23,18,2,2,1,3,2,63,80690.37,10.26
23,0,0,1,0,1,5,9,14,39846.3,13.23
26,4,0,1,4,3,5,2,47,75931.45,15
50,24,19,3,2,3,3,13,75,109888.63,10.23
58,36,36,1,2,3,2,10,55,117802.16,6.97
59,33,26,1,3,2,4,2,88,87550.51,9.94
40,15,14,2,2,4,3,13,90,101668.82,12.51
29,5,0,2,3,2,1,10,69,61736.33,10.01
22,0,0,3,4,1,3,5,86,56728.34,11.87
43,19,12,3,0,3,4,5,14,120272.99,9.06
38,12,12,2,0,5,4,14,38,136094.4,12.26
28,4,0,1,4,1,3,2,68,55038.58,14.74
46,24,22,0,4,2,3,5,86,80174.54,10.89
25,1,0,1,1,2,3,8,78,57535.75,14.1
57,32,28,1,2,1,3,10,88,82621.97,11.71
27,5,5,2,2,4,3,7,59,89394.66,7.74
52,28,21,2,2,2,1,10,93,101469.83,8.21
40,16,9,0,3,3,3,12,43,74355.43,11.12
48,25,19,2,1,3,3,12,42,113371.78,9.41
31,5,5,1,2,3,4,6,3,68265.64,8.97
47,25,24,1,3,1,4,6,76,66869.24,16.22
40,17,15,2,3,1,3,7,49,65340.14,13.48
24,0,0,1,0,1,1,6,38,49776.3,8.05
34,8,8,1,3,1,3,12,53,41502.32,13.16
49,27,20,0,4,2,4,2,22,97718.95,7.81
41,17,10,1,3,4,2,7,59,83849.42,8.13
49,27,23,2,4,2,2,7,79,107939.01,9.5
29,5,0,3,4,3,4,12,34,91695.53,14.35
22,0,0,1,0,2,4,0,53,68685.26,10.07
24,0,0,1,0,3,3,9,57,75965.44,8.99
34,9,2,2,3,5,3,4,61,87026.53,7.46
49,25,25,3,0,1,5,13,79,107034.15,14.69
46,21,16,1,0,4,5,4,47,128604.97,10.25
54,28,22,1,2,3,3,0,6,107629.77,10.66
59,33,28,2,3,4,4,5,44,112530.12,12.2
27,5,3,2,3,3,3,13,12,70815.86,10.05
53,28,24,1,3,2,5,5,52,85499.91,13.87
42,17,12,2,0,1,3,13,92,82307.08,13.75
37,14,10,1,0,1,4,11,38,75058.21,12.29
42,19,13,1,4,2,4,3,83,81492.72,12.48
32,9,3,1,1,5,3,5,92,106756.41,10.41
58,34,32,2,1,3,4,13,17,124889.55,11.13
57,34,28,1,1,2,3,5,21,101045.22,10.83
56,31,24,1,2,4,2,0,35,117716.65,4.88
40,16,14,1,0,3,3,4,52,109640.72,7.34
41,15,10,2,4,2,5,1,99,88514.36,14.73
39,17,11,1,4,1,3,14,71,69057.26,11.97
35,12,12,1,1,1,4,13,2,57928.86,11.44
36,10,7,1,2,4,4,6,61,93112.03,11.95
52,27,26,2,2,4,2,12,28,117359.05,6.9
22,0,0,1,1,2,3,8,72,55882.46,10.79
24,0,0,1,1,2,4,14,7,53348.1,12.46
37,15,12,1,0,3,5,8,93,92748.89,13.21
44,21,17,2,2,4,2,13,75,108192.7,7.89
32,7,0,1,4,3,3,14,45,86154.45,13.25
33,11,4,2,1,3,2,10,91,98075.79,8.06
31,5,3,2,0,1,3,8,55,61417.5,11.36
53,30,26,3,4,2,3,10,48,118999.97,10.61
37,14,9,1,2,1,3,6,42,69649.24,9.9
29,3,2,3,1,4,3,6,9,100303.81,5.01
59,33,28,0,1,2,3,0,12,93650.94,8.13
33,11,11,1,0,4,4,10,56,108607.91,10.73
45,21,20,2,0,2,5,10,1,107560.34,14.35
49,26,22,1,2,4,3,5,64,116936.31,9.35
29,7,1,1,1,2,4,13,85,60687.01,15.29
49,23,17,1,0,2,3,14,96,106486.4,12.42
57,35,31,2,1,3,5,4,79,128314.27,17
47,21,16,1,2,1,4,7,41,69619.87,10.79
29,4,0,2,1,4,4,7,57,99576.59,13.01
49,23,19,2,4,3,1,10,92,109047.2,8.18
49,23,20,2,1,2,3,3,9,96956.39,5.95
58,32,32,1,3,4,3,0,62,108627.97,7.77
57,33,26,3,3,4,3,5,70,120703.42,7.4
48,22,16,1,2,2,3,9,60,87990.82,10.4
38,15,12,1,2,4,3,14,0,91322.85,5.9
30,7,3,0,2,1,4,0,25,45727.39,10.52
54,32,30,1,4,1,1,4,4,103822.03,3.1
41,17,14,1,4,3,3,4,34,100477.6,8.27
34,12,8,1,1,2,2,2,12,70356.51,3.66
49,26,20,1,0,2,2,4,26,104419.94,7.56
50,27,20,1,3,2,4,5,11,82935.44,10.05
34,9,5,2,3,2,3,4,93,61661.34,10.78
56,30,30,2,3,4,3,0,49,110014.42,8.08
27,4,0,2,1,3,3,14,95,76026.16,14.47
39,17,16,1,1,5,4,11,58,124795.83,9.48
26,4,1,1,2,3,3,11,30,70666.53,10.81
46,20,17,3,0,2,5,6,68,111792.74,13.94
23,0,0,0,2,2,3,14,36,40346.86,13.67
31,6,2,2,1,2,4,2,1,66697.94,9.15
51,27,20,1,4,4,3,6,70,125219.03,7.89
26,4,4,3,2,1,3,4,64,57722.95,8.93
54,28,21,1,1,1,3,12,2,91643.57,9.46
22,0,0,1,1,4,3,11,19,79495.11,8.87
39,13,9,2,4,3,3,14,1,101485.85,9.91
53,30,25,1,4,1,3,2,41,93153.06,9.7
32,10,8,1,4,1,1,12,42,64516.23,8.26
42,19,19,1,0,4,3,10,20,115952.33,6.38
47,25,22,2,1,4,4,5,44,117474.01,6.25
46,22,21,0,4,2,4,0,95,89979.99,11.45
43,18,15,0,0,2,3,5,19,94284.09,9.44
48,25,18,1,3,4,3,12,42,93223.04,8.67
34,8,4,1,3,3,1,12,49,67191.47,9.15
54,30,30,2,3,4,3,12,94,105401.49,11.03
55,33,27,1,1,2,4,3,42,101843.32,9.66
56,33,33,1,0,4,4,3,96,139031.12,11.8
22,0,0,1,0,2,3,4,23,62705.18,12.13
42,20,18,1,3,1,3,12,81,61422.74,12.17
27,5,2,1,2,3,4,8,83,70027.89,13.35
49,24,22,0,3,2,3,0,59,71254.97,7.94
38,13,7,0,1,4,3,2,31,95039.64,6.26
26,0,0,3,3,1,4,14,4,52579.17,16.03
52,29,24,1,3,4,3,10,1,100015.19,5.04
26,2,0,2,0,2,3,3,25,69733.66,8.78
59,35,34,0,3,3,4,1,24,96914.94,9.76
24,0,0,1,4,1,3,8,49,44024.27,11.59
44,22,18,1,4,3,4,10,85,103670.19,13.06
58,33,31,1,2,3,2,14,38,105687.76,9.07
58,35,33,3,1,2,4,6,85,117677.08,11.37
31,9,4,3,1,1,4,0,74,66717.13,10.63
31,6,2,2,0,2,3,8,10,81506.52,10.96
40,15,15,2,1,4,4,5,62,103870.15,10.31
38,15,11,1,2,2,4,1,67,77015.97,10.16
42,19,16,1,4,2,2,0,96,82363.25,8.84
35,12,7,3,0,2,4,5,17,104899.24,12.61
30,8,1,2,4,4,5,6,94,98415.55,16.49
22,0,0,1,2,2,3,9,27,57730.67,11.7
34,11,11,1,0,1,2,14,41,64975.41,11.3
25,0,0,0,3,3,2,5,59,54673.94,9.27
22,0,0,3,1,3,3,6,21,77540.6,9.7
53,27,26,1,2,1,2,5,39,79631.24,8.4
55,31,29,1,0,5,3,7,61,160893.45,9.57
49,23,16,1,4,3,2,1,2,105174.04,3.81
52,29,23,2,0,2,3,8,70,111419.68,10.18
29,7,6,0,3,2,3,8,62,48412.67,10.29
47,24,18,2,2,4,3,10,19,113029.02,9.67
55,31,27,1,0,1,3,8,70,110876.23,11.2
24,1,0,2,2,2,4,6,70,59195.59,14.39
33,10,3,2,2,1,1,8,92,61448.32,4.96
22,0,0,1,4,3,2,0,25,69864.4,9.45
26,1,1,1,1,3,2,2,40,69371.69,9
51,27,23,1,3,3,3,1,2,87166.56,7.92
51,28,27,1,0,1,1,10,42,94589.57,8.09
38,15,13,2,1,3,4,14,16,98150.13,12.71
44,21,18,1,4,3,3,14,83,102487.53,13.51
36,14,8,1,1,2,5,0,97,75594.8,15.39
58,33,29,1,2,4,3,4,52,121998.27,8.87
42,20,16,1,2,2,3,0,51,83364.75,9.94
35,10,8,2,3,3,4,2,32,72621.17,10.51
23,0,0,1,0,1,4,5,79,49909.65,13.16
32,8,3,3,0,3,4,5,59,94745.06,11.04
59,33,27,3,4,5,5,2,86,153355.27,12.08
55,29,25,1,3,5,3,3,67,113479.53,7.65
59,36,32,1,0,2,4,6,55,120265.86,11.29
55,33,28,2,2,2,3,5,63,108711.42,8.59
39,15,9,1,3,1,4,12,96,52043.44,14.8
51,26,25,0,1,4,3,10,7,111488.88,8.58
36,13,12,1,3,3,3,13,68,76253.26,10.11
48,24,17,1,3,2,4,13,32,79027.13,11.64
55,31,24,2,0,1,3,1,24,107319.22,10.22
59,34,34,1,4,4,3,8,70,134862.46,9.72
54,30,28,1,4,2,3,13,6,106993.68,10.87
45,23,20,3,0,2,4,5,58,120436.67,13.48
36,14,10,2,0,2,4,1,32,101185.9,9.34
51,29,23,1,0,2,4,6,40,116978.93,11.54
38,14,10,2,4,3,4,10,32,101578.6,12.33
26,4,0,1,0,4,3,10,28,99325.99,8.96
50,25,25,2,1,4,2,9,38,122983.44,5.49
25,1,0,1,1,2,2,9,56,55016.36,10.05
31,5,0,1,2,4,3,3,95,84069.13,7.7
38,14,10,2,1,2,3,0,92,81054.19,5.38
31,6,4,1,3,2,3,9,63,56768.04,11.49
38,12,12,3,2,5,3,8,85,117694.95,8.94
41,17,15,1,1,2,4,13,65,82380.91,12.66
45,23,23,3,3,2,3,12,8,84159.27,10.6
26,3,0,3,1,5,4,10,28,107146.86,11.95
55,32,32,1,3,1,4,9,96,81035.1,12.83
27,5,4,2,0,3,4,7,73,84723.21,15.1
23,0,0,1,3,4,5,4,27,67796.26,12.46
34,11,8,3,0,2,3,2,52,99507.46,14.03
32,10,6,1,3,1,4,3,45,50777.72,10.04
44,22,17,2,3,2,4,2,38,86935.83,10.31
37,13,10,1,1,1,3,9,75,56052.56,11.59
52,28,24,1,3,2,4,7,57,78425.6,11.99
32,10,7,1,1,3,3,12,85,82729.28,12.64
37,12,11,1,3,2,3,4,53,65218.67,5.96
29,6,3,2,4,2,2,12,5,73740.93,10.24
25,1,1,2,2,3,5,10,44,75783.38,12.27
25,2,0,2,1,3,4,7,39,73691.02,11.47
46,20,17,1,1,4,4,0,22,107908.55,8.54
24,2,0,1,0,2,4,14,97,70208.35,16.36
53,28,23,0,4,4,2,8,41,119264.28,6.06
24,0,0,2,0,3,1,10,37,88259.67,6.96
48,22,15,3,4,2,4,9,15,107917.99,11.76
50,24,22,1,4,2,3,2,73,93801.39,9.13
53,31,24,0,3,2,3,0,46,82193.5,9.81
40,16,10,1,0,3,3,2,20,102451.14,8.57
42,20,17,2,2,1,3,12,73,71659.43,13.06
26,2,0,2,4,4,4,1,74,90756.47,13.62
39,13,6,2,4,3,3,6,20,96371.37,9.12
49,23,20,1,1,4,4,9,24,113946.87,9.66
43,18,12,2,3,1,4,3,60,64230.51,9.89
42,18,13,2,2,2,2,6,97,76930.97,12.51
27,1,0,1,4,1,3,2,53,50886.58,12.91
22,0,0,1,1,2,3,13,94,48190.94,11.87
26,1,0,1,0,4,5,5,90,93443.64,15.73
33,11,8,1,4,1,3,6,88,59362.91,12.13
47,22,15,2,1,2,3,6,59,94584.2,8.96
55,32,26,1,0,1,4,14,41,103618.92,15.24
35,11,7,2,3,2,3,13,60,67057.26,11.81
47,25,21,1,0,4,5,4,31,136369.08,9.47
48,26,24,1,4,3,4,5,52,115659.2,8.97
30,6,1,1,2,3,3,2,43,75137.94,10.35
47,22,22,1,0,2,4,11,10,101390.38,9.7
43,17,13,1,2,4,2,3,46,102859.17,4.98
51,26,20,1,2,3,4,10,89,98766.5,13.37
38,15,10,1,0,2,4,5,59,96857.17,10.61
47,21,20,0,3,2,3,2,35,66404.1,7.48
57,32,29,0,0,4,3,14,59,136989.04,8.52
22,0,0,1,1,3,5,6,32,59732.16,14.67
29,6,0,1,2,3,3,2,96,69662.56,13.17
56,33,32,3,4,2,4,14,41,121203.37,10.8
36,13,7,1,2,1,1,8,99,58340.21,7.03
43,17,14,2,4,3,3,3,12,110493.19,4.49
35,13,11,1,1,3,4,1,13,88839.98,9.15
47,21,15,2,1,2,3,5,57,96256.04,10.45
49,24,20,1,1,3,4,13,39,103000.48,10.31
44,22,22,3,0,1,3,8,64,97975.01,11.2
35,10,6,1,2,3,3,12,4,86179.8,9.41
45,23,20,2,4,4,5,9,29,125051.12,14.7
23,0,0,1,1,4,3,9,81,81577.9,10.32
47,24,24,1,1,2,5,1,44,87209.86,12.45
35,11,7,2,4,2,5,14,57,76458.42,16.06
28,5,5,0,2,4,5,3,38,82159.12,13.54
24,0,0,1,2,3,4,4,11,65293.51,11.5
44,22,19,1,4,2,1,8,33,91465.7,8.79
39,16,14,2,3,4,5,6,13,92008.65,9.23
59,33,31,3,2,2,2,4,37,106741.59,8.59
56,31,25,1,4,2,1,5,15,104218.55,4.48
36,12,8,2,4,1,2,8,60,72138.01,9.5
46,23,22,1,1,1,3,14,58,77682.6,10.05
58,36,33,1,4,1,4,3,74,105011.81,14.15
49,24,20,3,0,4,3,13,96,133442.58,12.72
31,5,1,2,1,2,1,12,78,69197.2,10.16
38,14,12,2,1,2,3,1,73,85119.33,7.39
43,21,15,1,2,4,3,4,66,96591.61,10.02
47,21,21,1,3,3,4,13,10,80209.38,9.87
46,20,17,1,2,3,3,6,10,86655.03,6.72
38,15,8,1,0,2,3,14,15,95089.03,7.72
34,11,11,1,1,4,3,11,37,95788.38,8.44
41,19,14,2,1,1,3,3,29,78064.54,8.74
46,20,15,2,4,1,3,11,40,87714.76,13.25
25,2,0,1,3,1,3,0,0,38723.26,7.79
31,7,1,0,3,2,3,7,37,48365.5,9.5
24,0,0,2,4,2,3,4,97,64769.06,11.79
39,13,8,1,0,3,3,9,59,101454.03,8.64
57,34,32,2,3,1,5,14,18,81155.13,12.68
43,21,20,0,1,3,3,1,97,98765.66,10.25
55,33,29,1,0,1,4,2,58,97666.08,11.41
29,7,2,3,2,1,4,11,99,63465.53,14.39
40,16,14,1,2,2,1,13,67,81410.08,6.8
58,35,31,1,0,4,5,9,9,151781.77,11.56
27,4,3,1,1,4,4,11,16,76780.54,9.15
47,23,20,3,2,5,4,9,79,136274.08,11.77
55,33,29,2,1,3,3,4,84,120575.14,10.9
27,5,5,1,4,3,3,10,91,81504.69,11.51
58,32,29,0,3,3,3,3,71,94074.35,10.99
54,29,26,2,0,3,1,8,28,133900.39,7.04
43,20,19,1,3,1,4,8,5,55049.64,11.58
42,19,18,2,4,2,4,7,93,95684.21,13.93
27,4,2,0,2,2,2,1,65,55054.78,10.06
27,2,0,1,1,2,4,14,62,51596.08,13.5
25,0,0,2,1,2,4,4,30,67698.33,13.21
51,26,23,1,4,1,2,13,24,84478.06,7.59
32,10,3,2,0,2,3,7,86,95755.45,12.6
51,29,23,0,3,1,3,7,20,70692.88,10.12
52,29,29,1,2,5,4,6,15,127864.96,8.28
45,21,21,3,0,1,4,3,3,99956.89,12.94
30,7,1,1,4,2,2,2,45,72911.3,8.67
24,0,0,2,4,4,3,7,7,95667.54,9.78
52,27,21,1,1,2,4,7,5,91612.54,7.89
58,36,35,2,2,1,4,12,52,95575.43,16.94
57,33,33,2,0,2,2,9,63,134701.93,7.64
45,20,20,1,1,1,3,4,90,69471.34,9.3
52,30,26,2,2,1,4,2,50,89384.14,12.77
27,3,0,2,3,1,3,4,99,43138.22,13.59
23,0,0,1,3,2,3,3,99,49263.33,9.87
41,18,16,1,1,4,4,7,62,96145.26,9.54
49,26,24,1,0,3,2,1,87,125279.46,6.97
32,7,4,1,2,3,4,10,5,78034.36,9.1
25,2,0,1,3,1,3,7,61,41335.39,12.59
36,10,5,1,3,2,1,9,32,56673.09,7.46
27,5,2,1,0,4,3,5,1,83175.73,10.16
51,26,19,2,1,1,2,3,40,85290.07,5.8
59,36,30,1,4,4,2,10,15,142387.47,6.22
23,1,0,3,2,2,4,13,58,64981.66,15.33
36,12,10,1,3,4,3,13,8,85437.95,8.51
32,9,5,1,4,2,5,13,68,70995.84,15.31
29,7,5,2,0,2,3,2,9,80974.56,8.33
47,21,19,1,1,3,3,9,93,104900.75,12.63
26,2,0,1,2,3,3,12,6,63876.19,10.86
27,1,1,0,0,1,4,4,92,47249.16,11.86
47,25,25,1,1,5,3,5,65,131636.37,6.21
25,0,0,1,0,1,2,0,19,60358.39,9.43
40,18,13,3,3,1,4,0,62,75329.37,13
41,19,19,1,3,3,3,10,3,83041.69,7.94
54,28,26,2,4,3,2,9,27,123730.93,8.22
41,19,13,2,0,5,3,2,71,150129.65,9.18
33,10,9,1,3,2,4,1,34,57318.59,11.7
22,0,0,1,1,1,3,11,1,50045.75,10.82
47,22,16,2,4,3,4,0,40,111168.98,11.2
35,13,12,2,2,2,4,10,27,79065.61,11.69
59,34,28,1,0,2,4,14,74,123562.81,11.34
58,36,31,1,3,2,3,7,99,90076.15,11.92
32,10,9,1,1,1,5,11,72,56476.06,17.29
57,31,24,0,0,2,3,12,0,106157.04,9.97
34,11,8,1,1,2,3,0,26,72377.12,9.78
24,1,1,2,4,3,3,9,66,71791.1,12.24
54,30,23,1,3,3,4,13,38,91837.54,10.44
27,1,0,2,3,1,1,7,72,41417.53,9.72
31,5,0,2,4,1,1,4,39,58662.52,7.37
26,3,1,1,1,2,4,12,27,65323.36,13.8
44,18,18,1,0,1,3,3,84,85076.84,10.91
31,8,1,2,1,3,3,7,91,84530.79,13.94
23,0,0,2,0,5,4,14,23,119896.26,10.05
34,12,11,2,4,3,4,7,81,96959.56,8.89
23,0,0,0,2,3,3,10,50,60511.67,10.98
41,18,18,1,0,2,2,13,55,85600.9,8.68
22,0,0,0,3,2,5,7,72,38448.05,14.45
58,32,26,1,3,4,3,2,25,111512.01,6.02
30,4,0,2,3,5,3,11,87,89776.19,11.69
38,15,11,1,1,2,4,7,51,84680.89,12.32
30,8,8,2,1,2,3,12,5,79870,10.57
32,10,9,1,1,3,3,0,58,79877.19,4.07
36,14,13,2,3,1,3,12,11,63413.8,10.37
45,19,17,3,0,3,3,3,62,119105.17,7.09
59,34,29,0,3,4,4,4,35,100000.63,10.45
56,33,28,3,0,1,2,5,8,121642.75,8.81
51,27,20,1,1,5,3,4,73,134561.54,6.66
52,27,22,1,2,5,4,4,66,126197.01,9.98
26,2,0,2,1,4,2,4,28,91824.66,4.6
35,10,9,3,4,2,4,8,70,83657.2,13.89
32,10,8,1,0,1,3,9,89,71386.54,12.65
30,4,0,1,2,3,4,9,7,67374.36,12.75
55,31,25,2,1,2,3,2,42,117055.3,10.13
33,8,3,2,2,1,2,1,76,61203,8.04
56,30,26,1,3,2,3,9,34,90362.92,8.18
56,32,28,2,0,3,4,1,82,133425.51,10.38
22,0,0,1,4,1,4,14,21,43383.06,13.88
43,18,15,1,3,2,4,7,79,69408.59,10.64
50,27,25,1,2,1,3,4,78,74910.65,10.29
29,7,4,1,1,3,3,14,65,83958.52,10.36
32,9,9,3,0,3,4,4,20,106636.02,12.14
58,35,33,1,4,1,4,5,93,93934.75,13.93
35,10,8,3,1,5,4,8,70,116013.28,10.35
51,29,28,1,4,1,3,6,94,86107.13,12.06
56,33,30,2,0,3,2,4,40,144302.81,7.7
42,16,13,2,2,3,3,4,40,94456.65,6.26
58,34,33,2,4,3,3,9,48,132919.93,13.05
26,3,0,2,0,1,5,8,98,66036.04,17.3
40,18,14,1,4,4,4,8,3,120528.28,7.87
35,12,12,2,1,4,3,1,97,110258.14,9.51
47,23,20,2,4,3,3,6,64,110993.84,8.54
25,3,2,1,1,2,2,9,9,68017.71,4.53
46,21,15,2,1,1,4,0,93,79698.85,13.63
46,24,17,1,0,3,4,3,95,118932.63,11.81
39,14,12,1,3,2,2,1,66,64841.85,7.94
29,7,2,2,4,3,4,9,9,90466.74,8.03
35,11,5,1,2,2,3,8,72,60831.14,11.38
53,29,28,2,1,3,3,14,16,116599.62,9.47
59,37,32,1,3,1,4,11,66,84729.22,11.53
54,31,27,0,1,1,4,5,90,76760.79,11.37
44,20,20,1,3,1,4,3,52,56258.35,14.02
36,11,6,1,3,1,2,2,34,47767.52,6.7
54,29,22,2,2,2,3,3,3,96460.98,10.48
46,20,16,1,3,3,3,1,67,82595.83,7.34
38,13,8,1,2,3,3,4,95,81669.33,9.26
54,28,26,0,0,3,3,8,10,123850.47,7.21
23,1,0,1,1,3,3,5,43,66980.14,11.39
35,13,6,2,2,2,3,1,59,75101.99,9.91
27,5,3,1,1,2,3,5,69,66515.57,10.36
27,4,2,2,4,2,4,8,61,62358.69,14.12
24,1,0,3,0,3,4,13,98,100733.57,16.72
28,2,0,2,4,1,4,3,31,48205.41,10.89
29,4,0,2,4,1,3,0,45,62037.61,12.48
36,11,9,1,3,3,3,1,22,73845.14,5.82
50,28,22,1,3,4,1,4,36,108171.79,5.62
54,30,29,2,4,3,2,9,89,120899.51,10.03
51,28,26,2,3,3,3,6,97,97893.04,11.76
48,25,18,2,1,3,2,7,74,105893.35,7.93
57,35,31,2,3,2,4,2,57,96266.57,9.82
50,27,20,1,4,3,5,8,84,112444.88,13.83
59,37,33,0,3,4,2,1,42,114507.32,5.67
54,28,25,2,3,1,4,3,87,79177.71,13.97
58,33,29,2,2,2,2,3,14,104846.19,5.95
48,24,24,1,2,1,4,14,66,74872.05,12.9
54,29,29,2,4,2,4,5,1,107796.58,9.79
25,0,0,1,1,4,5,9,70,78043.68,15.9
43,17,16,1,0,2,2,5,4,92952.8,3.65
23,0,0,2,0,2,3,2,52,79068.94,10.57
31,7,3,2,4,4,2,8,44,101962.54,6.21
26,3,0,1,1,2,3,10,92,55358.66,13.87
31,6,0,1,1,2,5,4,40,74432.17,15.77
54,32,32,1,1,4,4,14,62,131137.89,9.55
59,34,31,2,2,2,4,13,95,110093.5,14.89
34,11,10,1,4,3,3,1,93,86767.8,10.88
52,27,24,2,0,1,4,5,71,106593.6,11.49
57,35,31,3,1,1,3,2,31,108717.2,11.32
45,19,17,2,4,2,2,7,1,88266.02,5.51
36,13,10,1,0,2,4,14,9,87761.74,12.49
50,25,23,2,2,5,3,12,42,123006.23,10.82
29,6,5,1,3,5,2,2,42,86013.35,4.06
26,0,0,1,0,4,2,4,66,92650.09,7.95
50,25,22,0,0,2,4,14,22,95278.35,13.26
25,0,0,1,0,5,4,3,97,105190.8,8.56
33,10,9,3,3,3,3,3,81,81921.16,11.06
23,0,0,1,1,2,4,1,96,52949.73,16.24
48,26,26,1,3,3,4,7,96,91654.35,7.98
52,26,22,3,0,1,5,2,59,113952.61,15.92
57,35,32,0,2,1,3,3,80,88225.18,11.54
57,32,25,2,0,4,4,5,5,151524.43,9.1
47,24,21,1,2,3,4,14,12,103372.12,11.71
48,23,17,0,4,2,3,8,20,90837.19,9.1
26,1,0,3,2,2,3,14,94,64432.39,13.84
41,17,10,1,0,4,3,13,57,117337.77,11.73
32,8,7,1,3,3,1,11,84,69253.66,7.34
31,6,2,1,0,2,3,3,96,78592.66,11.17
59,36,35,0,0,1,3,2,27,109866.8,7.1
27,2,0,0,4,2,2,4,69,57188.48,5.73
29,5,3,1,1,5,2,8,7,97136.17,3.38
44,21,16,0,0,2,3,0,76,95188.38,11.82
47,22,20,2,4,2,4,4,97,95084.47,13.94
33,7,5,1,3,2,4,10,57,56661.1,11.73
47,21,17,1,4,4,3,3,39,123577.88,8.53
34,9,6,1,4,3,3,4,85,80293.66,10.45
39,16,14,3,2,3,3,6,0,95746.75,5.7
46,21,14,3,1,2,2,6,76,102287.05,10.75
54,29,24,2,1,1,2,6,64,88994.44,6.46
33,9,8,2,3,4,4,0,9,88943.07,7.53
57,31,29,1,4,4,3,8,59,135874.72,7.63
25,1,0,1,3,4,4,14,68,71885.69,13.97
26,2,0,2,3,4,4,6,19,78668.72,11.59
58,33,27,2,1,4,2,14,61,129330.35,4.26
29,5,0,1,1,3,3,3,12,70173.43,10.81
49,23,17,1,1,4,3,3,57,118780.41,8.3
52,28,27,3,0,3,3,1,36,137738.21,10.09
30,4,0,2,4,1,3,5,9,57446.4,10.85
50,26,24,1,3,2,5,12,2,82306.83,13.12
35,9,6,2,4,5,4,11,33,116660.49,8.27
43,19,18,1,3,2,5,9,33,74649.33,12.12
32,8,7,1,3,4,1,2,29,79316.89,3.28
44,21,15,1,3,1,2,14,36,62652.58,10.46
22,0,0,1,3,2,2,0,67,46427.19,8.23
58,32,26,0,2,2,3,4,33,93131.72,7.38
42,16,15,2,2,1,3,5,31,70831.82,8.61
47,25,23,1,0,1,4,10,84,96276.76,14.32
57,33,27,1,1,1,3,4,57,93162.22,10.04
44,18,12,0,3,4,5,4,23,84712.45,9.23
22,0,0,1,4,1,5,11,8,44393.77,14.68
36,13,7,2,2,2,2,9,40,74832.93,7.37
42,16,15,2,1,1,4,12,23,79419.27,11.22
30,4,2,3,0,3,3,13,24,93733.22,7.89
30,8,5,3,1,3,3,10,35,85958.16,8.08
31,7,7,1,3,3,4,13,7,68905.73,10.7
47,24,21,1,1,2,2,12,92,92925.6,7.12
56,30,28,2,3,1,4,7,88,86918.97,12.54
46,22,18,3,2,3,4,13,58,106082.97,14.08
47,24,18,2,2,4,4,13,34,114839.89,12.86
32,7,4,2,3,1,5,14,37,47774.59,15.8
59,34,30,2,4,2,3,9,91,118023.09,13.05
23,0,0,1,2,1,2,0,82,34261.6,9.99
28,6,4,1,4,1,2,7,31,46671.37,6.52
39,16,14,2,3,3,3,12,50,80602.45,11.53
48,25,18,2,3,2,2,10,27,83950.49,9.01
55,33,27,0,2,1,4,6,55,79944.54,11.04
48,26,26,1,4,2,3,14,98,96270.29,11.54
38,14,9,1,3,5,5,0,7,90071.77,9.14
45,21,20,1,2,4,4,13,40,107374.92,12.87
46,24,21,3,3,4,2,8,22,105526.95,6.43
28,3,1,0,1,2,3,11,53,60138.15,7.16
27,2,0,1,1,3,3,3,22,69723,9.91
45,22,17,1,2,2,3,12,31,79604.54,8.47
54,28,23,2,3,1,3,6,9,69510.6,10.14
50,27,21,1,2,2,1,2,80,86058.05,6.94
43,20,16,1,0,3,4,7,34,111258.39,12.89
47,21,15,1,2,2,3,3,98,73145,10.49
49,27,26,1,2,4,4,13,62,110513.35,12.57
42,17,17,1,1,1,4,1,66,66371.52,11.95
28,5,2,1,1,2,3,1,35,59539.22,9.73
38,12,11,3,3,1,1,7,92,60062.68,3.6
41,17,10,1,2,2,4,13,48,74706.56,11.59
41,18,18,0,2,1,5,7,45,57816.49,13.15
43,18,15,2,3,2,3,0,26,79797.78,8.45
49,27,26,1,4,2,3,5,30,97684.68,7.11
28,5,3,2,3,2,2,8,33,49289.28,8.57
22,0,0,1,1,2,3,8,75,48454.94,13.61
53,27,26,1,1,2,3,1,58,97907.69,8.07
34,10,5,2,2,2,3,7,53,73911.67,8.9
51,27,27,3,1,2,4,7,88,105399.47,14.2
44,22,21,1,3,2,3,3,65,70001.52,9.89
40,15,13,1,2,4,2,13,29,99128.61,7.59
53,31,25,1,3,2,3,3,72,80878.85,7.68
51,28,25,3,3,2,4,4,22,93920.33,15.23
50,27,20,3,2,4,3,10,8,123294.3,5
50,26,23,0,4,4,5,9,83,119698.43,14.49
51,26,23,1,1,5,3,6,54,127973.91,6.94
37,11,9,1,0,3,3,0,0,102742.24,11.13
40,15,15,1,0,2,2,10,55,80638.5,9.38
39,16,13,1,0,2,4,8,38,93496.39,13.07
22,0,0,1,1,3,3,2,86,65615.51,11.76
35,10,9,2,4,5,4,10,17,114643.78,6.11
23,0,0,3,3,3,4,3,41,71417.58,12.6
49,23,16,3,2,4,4,6,95,115358.12,12.99
51,28,23,1,4,2,1,4,72,102833.36,7.14
59,34,34,1,0,2,4,4,74,122461.37,13.66
25,0,0,2,1,4,3,0,64,80078.64,10.16
22,0,0,1,1,3,3,1,74,70302.22,11.69
29,3,0,2,2,5,3,4,32,104104.97,7.79
50,24,20,1,3,3,4,1,29,93056.96,6.79
24,0,0,1,4,2,2,0,4,59417.98,5.63
53,30,28,1,4,2,3,9,49,104042.36,9.06
31,6,0,0,4,4,3,2,64,89528.41,7.97
31,9,3,2,3,3,3,10,9,76816.32,7.1
40,18,13,1,3,2,2,0,59,70009.29,5.73
55,32,27,1,3,2,2,9,76,79424.93,8.52
54,28,26,1,2,2,2,7,26,86236.09,5.82
44,19,12,2,1,1,3,7,71,79338.65,15.35
49,24,20,1,0,3,4,7,27,119943.59,8.28
53,30,29,1,3,1,3,6,44,73229.41,10.78
28,5,2,1,1,2,3,6,51,63598.24,8.92
50,28,25,1,3,4,3,1,65,97871.13,8.92
29,5,4,1,0,2,4,8,61,71051.1,11.8
22,0,0,2,3,4,2,6,75,71107.65,10.63
24,0,0,1,1,2,2,4,90,47143.76,9.67
45,22,18,1,2,5,3,3,76,118131.68,8.31
44,18,16,2,0,1,5,7,59,80382.9,11.43
29,3,2,1,1,1,3,4,85,51003.41,8.95
58,36,34,1,4,4,2,5,39,141055.85,3.87
24,2,0,1,4,3,3,3,14,70693.6,11.29
54,30,24,1,4,1,2,1,94,88125.41,10.38
49,26,26,2,2,5,2,11,6,123911.28,6.31
29,4,1,2,3,2,4,6,38,55331.75,14.61
55,33,29,2,3,5,3,11,50,127151.72,7.61
56,31,28,2,3,2,4,1,98,90224.14,14.74
53,28,24,1,2,2,3,10,6,91496.17,9.19
45,22,15,1,4,2,3,11,11,87757.91,9.01
35,11,11,1,3,2,3,6,13,59057.74,10.11
53,30,27,1,2,2,3,6,33,94141.96,10.62
37,15,15,3,2,2,4,0,38,85496.62,8.81
25,0,0,2,1,1,2,12,72,48296.19,13.35
58,35,31,1,3,2,4,9,63,92900.76,12.13
42,19,18,0,4,1,4,9,96,71525.8,14
35,12,6,0,0,4,2,11,11,111680.93,5.35
52,30,27,1,2,3,4,2,33,107235.65,8.08
39,15,15,1,1,3,2,2,26,91183.3,3.88
28,5,0,1,0,5,3,12,21,110870.92,8.6
31,9,6,2,2,3,4,12,17,88022.03,11.96
28,3,0,2,1,5,3,14,45,99618.41,11.37
54,28,25,1,3,2,2,10,43,84496.95,8.66
44,22,20,1,1,1,4,5,17,74028.45,12.14
42,16,16,1,2,2,5,10,36,74501.11,13.46
40,17,17,2,3,2,2,2,6,73592.9,9.16
40,17,14,2,4,4,4,11,67,107820.11,12.61
57,35,28,3,1,3,3,14,79,132293.57,10.62
50,24,17,1,0,2,5,8,85,104280.9,12.68
39,16,15,2,3,3,2,4,59,80158.87,8.14
23,0,0,1,3,2,4,5,47,43334.36,12.42
22,0,0,1,4,1,2,5,50,42459.07,8.1
26,2,0,1,1,3,4,7,99,65749.38,13.8
41,18,16,1,0,4,4,9,83,119598.07,10.96
32,6,0,2,4,4,3,10,94,95888.21,11.72
23,0,0,1,1,3,2,2,51,65606.37,10.2
24,0,0,0,0,2,4,8,96,59852.94,15.39
44,19,12,0,0,1,4,6,76,71143.09,14.05
33,7,0,0,2,2,3,10,51,54307.79,14.07
41,18,15,0,0,3,3,12,83,101736.55,10.88
26,1,0,1,1,2,4,5,53,52578.8,13.3
58,36,36,1,4,1,3,10,40,105050.69,11.16
59,35,29,1,4,4,2,0,41,134022.49,7.09
51,28,23,3,2,4,5,3,21,126860.72,13.11
30,7,4,1,1,3,3,4,38,81747.96,7.53
55,32,31,1,0,1,3,11,22,100125.41,8.58
56,31,31,1,2,1,3,1,47,81986.29,7.76
43,21,19,2,3,1,4,0,32,66891.96,11.04
45,19,12,2,1,3,3,1,40,101576.7,6.52
38,16,12,1,2,1,4,7,29,63155.07,12.18
31,6,2,1,4,4,4,9,77,92328.02,8.42
51,28,22,2,2,5,1,5,46,133973.59,7.22
44,20,17,2,3,2,4,9,99,76713.36,11.81
53,30,28,2,1,2,3,1,56,100138.06,8.47
38,12,6,2,2,3,4,8,71,91289.26,11.4
38,14,9,2,0,4,3,7,56,123884.32,11.44
35,12,7,1,1,4,4,3,61,91904.75,10.12
30,6,0,1,2,1,3,10,85,48699.62,11.92
23,1,0,2,2,1,1,9,56,50959.38,9.17
46,21,17,2,1,3,5,13,67,100866.15,14.84
30,7,5,0,4,3,1,6,98,78957.59,7.12
43,17,14,3,0,1,4,2,71,88120.41,11.22
25,3,0,1,1,2,2,5,97,61218.96,11.97
47,24,24,1,0,3,3,2,85,106666.73,9.68
50,28,25,2,0,1,4,9,24,108988.84,14.42
55,29,26,1,1,4,3,12,88,114953.35,10.38
44,21,19,1,2,1,4,14,39,75301.44,12.99
58,32,28,1,4,3,3,2,16,115853.88,7.16
32,8,6,1,0,3,3,12,79,99514.26,12.85
27,1,1,1,0,2,4,11,47,65448.41,14.77
39,15,9,1,2,3,3,10,38,88888.88,8.31
42,19,17,1,1,3,3,8,14,94754.38,12.37
57,33,32,3,4,4,4,5,16,141132.44,8.95
59,36,33,3,0,2,3,14,34,134848.92,10.57
55,32,28,1,0,3,3,7,32,134393.75,10.17
38,13,6,2,1,3,4,3,17,104101.45,9.57
58,35,30,0,2,2,4,3,29,101905.45,8.35
46,22,22,0,3,4,3,7,86,90399.68,11.2
59,34,29,1,2,1,3,6,36,92889.83,12.88
33,8,5,3,0,2,4,4,6,91849.32,9.11
44,21,19,3,0,2,3,1,73,112207.64,12.19
43,17,12,1,4,1,3,5,79,72167.66,10.26
42,16,15,1,2,4,5,0,27,95689.24,7.29
48,23,21,1,3,3,2,6,86,86513.33,9.36
52,29,26,1,4,2,3,14,97,104933.39,9.64
27,1,0,1,3,4,4,8,17,68196.81,10.05
48,25,18,1,4,2,4,4,46,95115.2,10.63
55,32,26,2,2,3,4,4,22,112925.46,10.08
33,8,8,1,0,1,3,11,19,61966.2,11.84
28,3,0,3,3,2,3,6,30,61141.95,10.48
31,9,2,2,2,1,4,4,13,57512.12,13.15
38,12,6,1,3,3,3,9,22,74025.98,8.62
47,21,15,2,2,2,4,11,1,81654.96,9.63
42,16,11,2,4,2,2,11,28,90113.44,9.36
49,25,21,1,2,2,4,3,49,91559.02,13.67
23,0,0,1,4,1,3,0,72,52567.64,10.77
22,0,0,3,0,4,3,5,58,104287.81,9.31
57,31,25,1,4,1,3,13,32,96688.92,10.06
47,25,25,0,1,4,4,8,47,111320.96,7.54
50,24,21,1,0,2,1,3,43,109317.83,5.85
42,19,18,2,2,3,4,9,11,95489.93,8.3
32,9,7,2,2,2,3,10,82,72636.63,12.69
32,7,2,3,1,5,3,3,41,104810.84,7.53
57,33,29,1,2,2,4,4,83,103010.21,13.2
56,31,31,1,0,3,3,14,94,131077.66,11.36
55,29,25,1,0,5,3,14,34,151444.58,9.48
45,23,19,2,4,4,3,5,40,126603.11,6.95
43,18,14,0,3,2,4,14,84,69380.82,13.87
26,2,0,1,2,5,5,2,54,85631.89,11.47
54,29,29,0,1,3,2,8,12,100892.46,7.01
57,34,34,1,0,1,3,0,38,100572.84,8.72
41,15,9,2,0,2,2,10,90,91882.64,11.82
40,14,10,2,0,2,4,5,88,89878.14,12.5
56,30,24,3,3,2,3,5,65,94506.42,9.66
38,12,6,0,3,3,4,7,34,67290.36,10.39
55,29,27,3,2,3,3,4,71,111018.27,13.71
30,4,0,2,1,1,4,8,32,56245.36,15.41
47,25,20,1,3,4,3,8,88,99865.4,8.77
23,0,0,3,4,2,5,11,84,71293.73,17.45
30,4,0,1,3,5,2,1,35,79460.09,5.32
30,6,0,2,0,5,3,4,12,130732.33,7.02
38,12,7,2,1,4,4,11,55,105517.43,11.71
22,0,0,2,2,4,4,6,45,75647.55,11.66
46,20,13,1,3,1,1,1,72,56621.45,4.97
46,23,22,1,0,2,5,6,98,99195.25,13.75
56,34,30,1,4,1,3,8,45,99068.7,10.56
24,0,0,1,4,2,3,7,99,63811.55,11.97
58,33,28,2,2,3,3,9,43,113796.12,9.77
51,28,21,2,2,1,3,8,45,80556.73,9.84
59,33,28,3,3,5,4,13,73,130600.42,13.06
55,33,30,0,2,4,3,3,68,114582.78,7.11
33,8,2,2,0,2,3,7,30,84445.02,10.62
40,18,17,3,0,2,3,8,23,107338.6,9.58
58,33,28,2,0,2,3,9,31,125823.05,6.81
38,12,9,1,3,4,5,11,66,85931.55,13.02
31,6,3,0,3,3,4,1,15,61497.76,9.37
33,8,7,0,2,2,3,9,56,58760.41,9.15
37,13,9,2,3,2,1,2,83,61096.84,6.53
45,19,15,2,0,2,5,0,23,101754.13,12.83
40,17,13,3,1,5,2,0,33,131950.38,7.67
29,6,4,1,0,1,3,9,51,55312.39,12.56
52,26,20,1,1,1,2,14,47,81078.94,9.91
42,19,12,2,2,4,2,5,86,107612.54,8.85
38,12,6,2,4,4,4,0,52,109093.07,9.9
44,21,17,3,3,4,3,4,54,102724.88,6.83
58,34,33,2,3,2,5,13,37,96610.58,16.38
37,14,12,1,0,3,3,13,1,102944.31,10.77
27,2,0,2,0,3,3,5,68,83179.98,8.86
29,3,0,2,1,1,5,8,81,50336.69,16.49
46,24,22,1,3,3,4,5,52,88128.2,13.1
39,17,10,1,2,1,4,13,49,70631.6,13.57
46,20,19,1,0,2,2,3,28,102349.71,5.24
33,9,5,0,3,4,4,0,73,71591.52,11.42
36,13,6,2,4,2,3,5,54,81142.26,10.23
47,23,23,1,1,4,3,6,60,111975.4,10.74
47,25,18,1,0,2,4,4,49,113430.89,11.26
53,27,22,1,0,2,4,5,15,109749.01,7.05
31,5,4,1,2,3,4,9,86,71464.27,15.19
37,13,6,1,0,3,4,7,93,95678.52,10.7
28,4,0,2,3,2,2,0,69,57028.32,8.71
38,15,12,0,3,4,3,7,43,76008.03,9.86
44,19,16,1,3,1,4,11,99,56059.98,17.82
47,22,15,1,4,4,3,12,83,117932.98,10.39
42,19,12,1,4,1,3,10,15,76041.77,10.45
43,18,17,1,0,4,2,1,27,119974.92,3.4
28,6,3,0,4,2,3,1,56,62234.49,8.23
35,10,4,2,4,4,5,7,25,99570.83,13.56
36,13,12,2,2,3,3,1,85,86552.04,10.18
28,3,3,1,4,1,3,7,10,47188.37,11.87
30,4,3,0,1,4,4,4,0,78649.58,5.97
29,5,1,3,1,1,1,8,68,61280.67,7.72
44,22,18,2,1,1,5,8,42,91059.33,13.37
50,24,22,1,0,4,3,13,45,127864.97,8.56
39,13,10,2,3,1,4,7,35,58208.46,13.65
52,29,22,2,2,1,1,13,65,98466.92,8.1
51,27,22,2,0,2,2,8,56,119535.51,7.05
56,32,29,1,3,4,3,6,5,107815.92,7.75
39,17,11,1,2,1,3,7,61,68174.81,9.64
38,15,14,0,2,2,4,5,26,70320.52,8.57
35,13,8,3,2,3,1,14,25,89380.24,8.47
52,27,22,2,1,4,4,8,98,119303.44,14.41
45,19,12,1,1,4,2,1,12,107886.7,6.19
56,34,27,3,1,3,4,2,75,128082.51,10.53
55,29,26,3,2,3,4,1,17,125015.61,8.99
24,1,0,3,2,2,3,14,37,69327.78,13.76
58,33,28,2,1,1,3,5,5,102975.14,10.3
47,24,20,3,2,3,4,2,91,100243.74,11.92
44,19,19,1,1,5,2,10,27,117140.02,7.88
36,11,4,2,1,3,2,0,88,89458.57,4.77
25,0,0,2,1,1,4,3,4,46059.44,11.26
50,27,24,1,3,2,5,4,58,79049.71,16.53
43,20,13,0,2,3,4,11,78,85473.34,12.15
46,24,20,3,0,3,3,10,72,132822.78,10.51
34,11,5,1,1,3,3,3,44,94324.8,9.13
39,17,10,2,0,3,5,5,52,110183.97,11.56
54,30,24,0,3,1,3,2,1,72575.22,4.27
37,13,11,0,2,4,3,9,48,93436.75,13.04
23,0,0,1,1,3,5,5,72,63019.43,13.41
56,33,28,1,1,1,3,9,89,100549.66,12.3
55,32,29,2,1,2,2,13,86,109942.04,10.81
51,29,29,1,0,4,4,0,62,129396.81,10.4
34,9,9,0,3,4,2,14,91,77679.11,7.67
34,12,9,1,2,2,3,5,69,63203.28,6.23
39,15,12,1,3,1,3,12,57,60631.85,10.53
53,31,27,1,1,1,3,7,3,93393.45,9.1
53,28,22,2,3,2,5,9,29,84013.08,13.72
56,33,30,1,0,3,3,13,56,132180.66,12.79
50,28,22,0,4,3,3,12,46,111024.9,9.15
50,26,19,1,4,3,2,7,17,108969.22,6.79
37,13,6,0,2,3,4,0,93,83087.4,9.6
31,8,6,1,2,1,4,13,90,55725.83,13.57
51,29,23,1,3,1,3,14,94,68442.83,15.96
46,21,17,2,2,2,3,12,43,87208.41,9.82
41,18,11,3,0,1,4,6,51,96690.79,12.36
26,4,0,2,1,1,3,13,48,51881.61,14.94
22,0,0,1,1,3,2,9,29,71366.7,11.53
51,27,20,1,3,4,3,9,51,103664.32,10.25
24,0,0,1,1,3,3,11,36,69872.92,12.23
35,10,3,2,3,4,5,3,62,83928.9,10.48
51,26,20,3,2,3,4,13,11,108228.68,12.47
25,1,0,1,2,3,4,11,16,69701.77,11.75
39,17,12,0,0,2,4,5,33,93772.85,11.13
58,35,34,2,1,5,4,5,27,153632.67,8.82
46,24,17,2,0,1,5,14,3,101849.38,13.37
22,0,0,2,4,1,2,4,97,51712.27,9.29
36,11,4,2,0,2,3,9,45,85865.87,10.32
30,8,4,3,3,5,4,8,13,100271.49,9.98
36,11,7,1,3,5,3,10,12,89243.23,4.29
45,19,14,3,0,3,2,9,57,128233.88,7.89
25,0,0,3,2,3,3,7,48,76083.83,11.11
33,8,8,2,4,2,3,11,49,70447.45,11.76
58,35,31,1,0,5,3,5,66,165282.56,7.33
58,32,25,1,2,3,3,3,20,104526.14,8.64
27,2,0,1,0,4,3,12,79,87903.07,12.29
45,20,17,1,1,2,4,3,50,76137.85,12.3
32,6,0,2,3,2,4,12,37,54915.12,13.22
34,8,6,1,1,4,4,8,25,86242.79,9.46
55,33,28,1,1,1,4,13,5,97585.97,12.77
46,23,18,2,4,4,3,11,17,127884.93,7.21
28,2,1,0,2,2,3,12,5,56996.88,10.35
25,0,0,1,3,4,2,3,40,66487.32,8.89
29,5,1,1,1,2,5,12,56,57320.18,14.98
41,15,9,2,3,3,2,6,49,81144.93,8.16
50,27,20,1,2,2,4,13,24,89110.91,11.88
31,6,0,2,0,3,3,5,47,96246.23,12.95
55,30,26,1,1,2,5,1,23,94304.22,11.78
47,22,18,3,2,5,3,4,29,129381.22,8.54
24,0,0,1,3,3,4,2,86,61532.67,12.56
27,3,0,1,2,2,3,8,44,61705.05,10.58
26,0,0,1,0,4,3,9,42,96323.4,10.6
26,1,1,0,2,2,3,0,71,50069.44,9.58
44,22,22,1,3,2,5,9,55,77996.32,15.5
30,5,2,1,1,1,3,3,72,50345.26,12.22
56,30,26,1,1,4,5,12,69,125682.74,13.78
41,16,15,1,4,2,4,3,32,82408.79,9.8
56,32,29,1,3,2,4,8,96,85690.65,13.55
39,16,11,1,4,4,3,13,44,109229.72,7.58
38,15,11,2,4,4,3,0,6,120018.53,5.44
45,19,19,3,0,1,2,1,17,97307.37,5.84
24,1,0,1,3,3,5,0,69,59867.67,12.66
53,30,23,1,1,4,5,12,44,127109.39,12
56,34,31,3,3,1,4,0,36,91196.63,9.55
59,33,32,0,0,4,3,11,20,139862.33,7.63
34,8,4,3,3,2,3,13,89,69805.03,12.55
46,23,21,0,3,3,5,12,78,78684.23,15
30,7,6,2,4,2,2,0,43,80017.06,7.25
25,2,1,1,3,3,4,2,29,63784.42,13.22
35,11,6,3,4,1,3,10,10,74876.33,11.45
58,33,33,1,4,3,3,13,7,119544.35,12.49
55,31,24,2,2,1,4,3,4,98835.41,8.9
32,6,2,0,0,2,2,9,7,63472.18,8.21
24,2,1,1,4,1,3,1,4,47062.12,7.23
49,24,20,2,3,4,5,13,9,96018.33,14.03
50,28,28,1,4,2,4,0,14,107626.16,10
30,4,0,3,4,2,4,4,55,70620.11,13.28
24,0,0,1,4,2,4,5,54,59798.16,13.27
46,24,18,2,1,3,2,1,2,110216.75,4.69
55,33,33,1,1,2,3,2,40,104187.72,7.86
33,11,11,3,1,3,3,9,9,93331.28,9.83
30,4,0,3,1,1,3,2,6,62762.57,8.18
36,13,10,1,2,1,3,1,62,65997.41,10.32
46,24,19,2,4,3,4,3,62,113387.92,10.97
26,1,0,2,2,4,1,13,87,75883.81,8.59
32,6,0,1,3,1,4,4,25,38041.49,11.78
55,31,25,2,0,1,1,7,33,108959.05,7.11
45,21,17,0,2,1,2,5,71,63340.7,10.11
36,11,9,2,1,3,3,14,38,88815.4,13.82
59,36,30,1,1,2,4,8,59,110144.09,13.78
29,7,4,0,3,4,2,2,68,69330.67,7.42
26,0,0,1,4,1,3,9,99,56742.59,12.59
47,25,25,1,0,1,4,8,25,94334.27,10.79
39,13,8,2,2,2,3,10,61,79902.41,11.09
27,3,0,3,4,3,3,13,9,87018.1,12
58,36,34,1,4,3,5,10,96,126421.73,14.07
34,9,8,0,2,1,3,3,99,45718.52,12.65
49,26,25,2,2,4,2,7,53,118086.02,6.35
26,1,0,1,2,2,4,9,30,47884.06,11.01
34,11,6,1,2,3,3,6,37,73219.82,10.26
38,16,11,1,1,2,1,13,24,76519.43,6.84
53,31,28,1,4,1,2,6,76,90000.23,8.85
50,27,22,1,4,4,2,8,64,122872.28,5.4
24,0,0,2,1,4,2,9,99,83653.76,12.05
55,29,24,1,4,2,3,13,99,102211.04,15.9
48,23,19,2,2,3,3,14,49,105212.95,11.55
34,9,3,1,0,2,3,1,23,82330.71,7.1
54,29,22,1,4,3,4,4,26,115904.74,10.2
27,5,3,2,0,2,4,2,81,87906.91,13.01
45,20,17,1,0,4,4,6,49,123203.73,11.02
40,14,10,1,1,1,3,2,49,67329.4,8.38
37,11,7,2,3,1,2,4,14,57394.24,6.73
49,26,20,1,4,2,3,4,16,97787.32,7.23
54,32,31,2,1,1,4,1,28,96480.17,11.56
34,8,6,1,1,2,2,10,4,65235.45,7.09
46,22,16,2,0,1,2,0,10,97789.76,8.43
57,35,31,0,4,3,3,11,79,124419.94,10.77
48,26,23,1,1,1,3,5,51,82146.31,11.23
59,33,27,3,2,3,3,12,33,114978.92,9.99
28,4,3,2,1,3,2,0,80,81184.76,4.89
26,3,0,1,2,5,3,8,32,90044.49,11.21
52,26,20,1,3,5,4,9,48,106912.74,10.33
44,20,18,1,2,4,3,4,30,103836.09,8.19
31,9,8,2,2,3,4,0,17,80853,10.54
53,29,27,2,0,2,3,11,88,115131.31,12.46
51,29,27,2,1,3,3,7,4,115615.01,5.5
52,26,24,1,3,5,3,0,29,115297.48,5.74
39,13,7,2,1,1,3,3,44,69067.1,9.3
57,32,31,1,2,2,1,6,86,97947.81,6.51
23,0,0,1,2,1,3,3,37,42547.56,10.6
35,10,4,1,1,3,3,11,81,82941.79,10.95
34,8,2,3,3,2,2,4,95,66195.55,12.61
50,27,23,2,3,3,3,6,93,97138.17,11.58
33,7,2,1,0,3,3,3,28,89511.96,9.02
23,0,0,2,2,5,2,4,35,83989.29,6.52
53,27,23,3,2,3,3,6,8,115535.99,10.87
34,8,7,1,0,4,5,0,22,104856.87,10.46
48,26,26,1,1,2,3,14,2,96165.67,9.57
38,16,16,3,2,2,3,11,85,86377.5,9.7
52,30,30,2,1,2,4,14,55,104596.91,14.45
55,29,24,1,3,2,4,2,39,80482.49,11.9
45,22,16,1,4,2,5,0,55,93076.94,13.8
56,32,25,1,0,3,4,13,57,132972.77,10.17
27,3,0,1,2,3,4,14,30,73054.11,14.54
40,17,16,3,0,3,5,14,85,117953.29,15.42
51,28,21,1,3,2,3,14,10,86110.13,7.95
28,4,0,2,3,2,4,2,41,59651.85,15.7
31,6,1,1,3,3,4,10,2,61984.35,13.9
53,31,28,1,3,1,4,1,56,71371.93,12.42
55,33,33,0,4,2,5,4,13,107686.64,12.24
49,25,19,2,1,1,2,9,45,88336.95,11.6
36,13,10,1,1,1,3,4,18,65782.5,8.28
51,26,19,2,4,1,5,9,59,93024.72,18.79
58,34,27,0,1,1,3,8,30,83909.98,9.7
50,28,25,1,3,1,4,7,35,72862.5,13.31
43,17,12,0,1,3,1,2,31,89105.51,4.67
25,2,1,1,0,1,4,0,62,42659.66,11.45
41,15,13,2,1,2,5,4,25,85418.95,12.65
53,29,23,1,0,4,3,10,64,144686.27,11.81
57,35,28,2,2,3,1,2,1,122765.75,2.6
25,0,0,1,0,2,1,4,69,65352.78,9.88
48,22,19,1,0,4,4,8,44,126863.92,11.45
38,13,7,1,3,2,4,10,77,63103.68,11.01
33,11,8,1,3,1,2,13,91,45551.72,10.9
43,17,17,2,3,5,2,14,96,107696.96,9.14
38,13,7,2,0,4,4,0,24,123816.75,7.39
31,6,6,1,4,2,4,0,39,65796.26,10.62
22,0,0,1,3,3,2,8,17,58978.47,6.11
43,21,16,2,3,3,3,2,97,90936.25,11.56
47,22,22,2,0,1,4,11,11,89252.1,10.83
39,15,9,2,2,1,3,14,90,75659.57,12.76
35,9,5,1,2,2,5,9,23,61885.38,12.99
50,27,21,1,1,4,3,4,96,111019.33,11.82
33,10,7,3,2,1,4,8,78,68028.7,12.18
57,35,35,2,3,3,3,10,42,107820.66,9.17
56,32,31,1,4,1,5,4,31,93891.36,13.23
33,8,4,2,1,2,3,11,80,73840.07,11.74
28,5,0,2,4,3,3,13,98,81229.64,13.77
50,28,26,1,4,3,3,11,46,107280.17,9.51
32,8,5,1,3,1,4,2,44,50066.06,11.67
54,30,27,1,0,2,3,8,34,116404.32,6.61
27,5,4,1,0,3,3,11,76,83966.26,12.84
36,14,12,2,0,1,3,6,8,88528.07,9.33
53,28,21,1,2,1,2,11,9,79629.08,12.14
32,10,8,2,0,3,1,11,64,103925.63,6.65
44,19,14,3,3,2,3,6,58,77844.57,12.29
47,22,17,0,2,1,4,13,97,58115.18,13.16
55,29,25,1,0,2,4,7,56,116101.63,11.91
55,31,24,2,4,4,4,10,88,140529.61,11
50,26,23,2,3,1,5,4,85,81309.63,14.54
25,1,1,2,3,3,3,1,9,59501.45,7.84
38,12,7,1,1,1,4,10,89,54290.29,14.68
56,31,30,1,3,1,2,8,18,73987.35,10.35
34,9,8,1,4,1,2,2,49,61651.52,8.48
36,14,13,3,3,2,2,10,67,67355.4,14.18
50,24,18,1,1,4,3,13,4,115318.86,9.35
50,28,21,3,3,2,3,1,28,91078.31,7.61
32,6,0,1,3,3,3,9,4,63242.61,13.36
53,31,26,3,1,2,4,9,59,109991.2,14.44
23,0,0,2,3,1,3,4,64,45424.75,10.2
35,11,10,1,2,2,3,7,27,61866.15,9.14
41,17,10,2,3,3,3,2,82,86949.26,11
43,18,11,1,0,4,2,5,99,124125.61,8.85
32,9,4,1,0,4,2,8,0,104175.29,6.73
48,24,18,1,2,2,3,1,28,92306.16,9.73
24,0,0,1,3,3,2,14,50,50531.07,9.23
38,15,15,1,4,1,4,7,35,72970.48,12.58
49,25,21,2,3,3,4,9,31,90182.51,11.55
50,28,21,2,0,4,3,6,63,143943.36,8.91
42,16,13,1,1,1,3,2,13,68246.21,9.78
37,14,14,2,2,2,4,0,31,81876.22,10.63
58,33,29,2,1,3,3,5,8,118676.8,9.75
41,18,16,3,4,3,2,1,82,113696.03,8.69
27,2,0,2,3,1,3,2,10,42707.99,9.85
40,17,10,1,4,5,4,11,47,118737.1,10.68
26,1,1,1,1,3,3,13,50,61921.76,12.79
24,0,0,2,3,1,4,14,3,40358.97,13.98
22,0,0,0,4,1,2,4,40,33473.65,8.3
59,35,31,0,0,3,3,13,24,124902.15,9.33
36,14,14,1,0,1,3,10,16,71359.9,12.09
55,31,24,1,2,1,4,7,46,84121.57,13.15
56,32,32,1,0,3,4,1,7,129726.9,9.32
46,23,18,1,0,3,3,5,57,117044.08,8.86
45,19,17,1,1,3,2,0,0,102240.38,5.13
33,8,8,2,0,2,3,6,1,80864.66,7.2
39,14,13,1,0,3,2,3,9,97089.76,5.3
36,11,5,1,1,5,3,0,90,103756.12,8.9
37,15,10,0,0,2,3,8,26,69406.07,9.08
48,23,18,0,0,3,5,8,12,106905.17,10.94
29,4,4,1,2,4,3,10,62,87519.27,7.69
46,23,17,1,0,3,3,2,10,117046.8,7.05
38,14,9,1,0,3,2,5,13,99340.1,4.92
50,25,22,2,2,1,2,6,95,84172.39,10.21
29,3,1,1,1,2,2,12,79,57780.72,11.69
36,11,8,1,0,3,4,14,92,101721.92,15.66
48,26,22,1,4,3,2,3,97,110774.99,9.61
28,6,3,2,1,5,5,5,25,111594.97,11.34
24,2,0,2,1,1,3,8,68,53050.45,16.21
50,25,24,2,0,1,3,13,82,101910.53,13.44
45,22,17,1,2,1,3,14,38,71621.14,10.2
24,0,0,1,1,3,4,9,91,70876.79,13.81
41,16,11,1,2,1,3,5,27,70097.11,13.31
36,13,6,2,4,3,3,6,16,99379.53,7.4
46,23,22,0,2,2,3,5,36,78636.13,8.26
51,26,21,3,3,2,5,6,82,93414.38,16.56
35,10,7,2,2,1,3,0,26,59010.32,7.66
28,5,0,2,1,4,3,5,75,98167.83,12.53
38,15,8,0,2,3,3,11,66,77396.57,11.76
41,18,14,2,2,4,2,8,67,106124.04,8.38
57,32,25,1,3,3,2,10,46,100706.93,10.34
30,7,0,1,3,1,2,2,74,38525.95,9.81
59,37,37,1,0,1,4,13,33,114723.3,14.17
43,18,17,2,1,5,3,5,17,124637.01,3.6
23,1,0,1,0,3,4,3,34,76635.65,12.43
45,21,15,1,3,1,4,6,17,62222.54,13.14
29,4,1,0,2,3,2,6,69,60438.69,10.18
32,8,5,2,3,2,3,12,33,58779.96,10.03
34,11,11,2,4,2,4,8,32,79632.96,9.45
38,15,13,2,2,1,4,3,71,64140.71,14.37
29,3,0,1,0,4,4,13,83,98371.94,12.71
42,19,14,1,2,1,4,7,83,65191.82,12.21
39,15,9,1,4,2,2,7,42,84728.61,7.43
51,28,21,1,3,2,4,7,81,79232.06,13.6
39,14,10,3,1,1,3,13,26,70846.86,13.37
52,29,23,1,1,2,3,7,47,97623.51,12.84
59,33,31,1,1,1,3,5,68,87869.93,10.92
53,30,25,1,3,2,4,7,70,84534.2,12.77
32,8,4,2,1,4,3,5,21,93844.53,8.6
46,22,16,1,4,2,4,9,33,87103.26,10.83
54,31,27,1,3,2,4,13,42,82030.82,13.54
59,35,32,2,1,2,4,13,76,118195,13.03
29,5,4,1,0,3,4,1,95,88899.71,13.16
32,6,3,2,3,4,2,12,87,75444.84,7.82
43,18,18,1,3,1,4,14,15,56804.25,13.79
45,19,12,2,2,4,4,2,13,113472.66,10.35
38,16,11,0,1,3,4,5,38,84883.25,7.73
33,7,3,0,0,3,5,6,70,80646.16,13.49
53,30,24,2,4,1,3,13,11,99151.1,13.13
36,11,4,1,3,1,3,3,83,51471.24,11.23
37,14,13,1,4,3,3,0,96,92354.74,9.69
43,21,15,1,4,4,4,3,54,112653.96,9.28
49,24,19,2,4,3,3,5,5,106098.35,8.86
41,17,13,1,2,1,4,7,39,64998.79,11.52
54,28,24,3,4,1,3,12,90,94082.53,14.13
31,8,5,3,1,3,4,11,12,89044.39,12.64
53,31,30,2,1,3,4,12,68,116878.89,13.37
54,30,29,1,0,1,2,12,23,97865.03,10.48
23,0,0,1,0,1,4,13,73,51402.19,16.18
54,30,26,2,4,2,4,12,58,110404.1,12.71
54,28,21,1,4,3,3,3,45,116438.04,5.85
34,9,8,1,2,3,3,9,95,69647.1,10.37
51,27,26,0,4,4,1,0,72,122352.8,4.03
54,30,24,0,4,3,4,4,98,115163.83,12.57
34,10,5,1,4,1,3,6,43,60689.78,7.4
47,22,19,1,3,3,3,5,75,91581.84,7.12
43,21,15,2,3,5,3,2,10,111520.62,3.7
23,0,0,1,2,4,3,12,60,74920.33,11.29
59,35,33,1,2,4,4,6,35,130366.46,7.98
47,22,22,0,1,2,4,3,71,82336.54,12.01
36,14,12,1,2,3,3,4,9,80090.86,7.07
55,29,28,1,1,4,4,10,77,125744.52,9.55
32,7,3,2,4,3,4,6,93,94031.29,14.25
24,0,0,3,2,2,3,1,0,57819.95,9.75
27,3,3,1,2,5,2,3,62,88964.56,7.69
30,8,4,1,2,2,4,3,11,61714.59,10
27,2,2,1,1,1,4,5,4,40898.31,12.99
30,8,4,3,1,1,4,11,77,65871.39,15.62
52,28,28,2,0,3,2,10,35,128650.73,5.98
53,31,25,2,1,2,4,6,16,109183.86,10.21
33,11,4,1,1,1,3,3,57,61475.87,9.15
29,6,1,3,3,3,4,9,21,75272.14,9.57
29,7,2,1,2,3,5,0,30,74426.9,12.56
49,23,21,0,1,3,5,0,25,101518.89,11.33
41,16,10,2,2,1,4,4,12,77007.19,13.33
28,5,5,3,2,3,1,0,62,84488.06,3.35
32,7,4,0,3,1,4,2,66,38654.07,9.93
41,16,12,1,2,2,2,8,62,76112.29,7.25
37,13,7,0,1,2,4,2,10,68623.48,11.6
25,1,1,1,2,4,3,2,68,79068.76,12.14
27,4,0,1,0,2,4,12,63,66079.17,12.56
43,19,14,3,0,1,1,8,67,99454.07,9.04
47,23,19,2,3,2,4,4,31,81454,12.08
24,0,0,2,1,2,2,11,73,60661.39,11.25
35,10,10,2,3,4,3,7,9,84847.12,10.95
32,9,9,1,0,4,4,9,53,112574.81,7.31
39,14,11,2,1,1,4,14,54,80941.82,11.14
33,7,4,1,2,1,1,8,81,51274.11,8.25
44,19,16,1,1,1,3,11,61,68573.97,9.76
33,7,2,1,4,3,1,5,54,81326.1,6.92
34,12,8,1,1,1,4,6,86,62235.69,10.89
46,24,18,2,2,1,5,6,81,81363.94,16.29
40,14,7,3,4,2,4,6,34,93112.73,11.9
57,31,28,1,3,1,3,3,66,75473.46,13.12
29,4,0,2,1,1,3,12,64,60392.44,12.49
50,24,22,0,3,2,5,12,16,71332.68,15.4
53,30,30,2,1,2,3,14,41,109219.25,12.43
39,17,17,1,0,2,3,14,58,85627.66,9.91
27,5,0,0,0,5,3,1,69,103769.67,7.43
39,13,6,1,2,1,4,1,10,60488.47,11.8
40,16,15,2,0,2,4,6,77,97606.17,13.01
43,19,17,1,4,4,3,9,27,117985.86,8.17
58,32,26,3,4,4,4,6,38,147080.55,13.45
53,30,23,0,1,2,3,9,53,99298.37,11.16
24,0,0,3,3,3,3,6,99,68805.39,11.67
49,23,20,2,4,1,3,12,10,84245.35,9.73
31,8,2,1,1,3,3,7,57,78230.18,10.18
56,33,28,1,3,5,2,2,39,118983.26,5.51
50,25,23,2,0,2,4,12,3,119151.27,12.63
36,13,10,2,1,2,2,10,63,79510.32,10.65
54,30,23,2,3,1,2,4,47,79435.91,10.85
28,4,3,1,2,3,3,5,69,67833.1,8.93
33,7,3,1,2,3,2,12,82,74089.56,12.88
51,25,25,3,4,3,3,7,30,125064.46,10.89
42,19,17,1,3,1,3,7,1,63159.28,9.43
52,30,30,1,2,2,4,9,42,93809.57,11.55
45,20,16,1,4,3,5,2,88,93443.71,13.78
41,19,17,2,1,1,4,11,40,78603.21,10.37
58,35,28,2,1,1,2,13,59,101906.61,10.19
25,2,0,1,3,2,5,3,74,49819.24,17.02
49,27,24,0,3,3,3,5,45,86296.07,7.79
41,16,10,0,3,3,3,3,39,73288.12,5.02
45,23,20,1,3,4,3,9,58,89621.57,7.27
53,27,20,1,2,2,3,3,44,91279.57,8.56
57,33,27,3,2,4,4,14,41,129698.06,12.67
55,29,26,1,4,3,3,4,20,121000.73,6.61
57,33,29,1,2,2,3,9,2,99743.67,6.72
23,0,0,2,1,1,3,6,65,46103.19,11.56
36,11,7,1,4,2,4,11,10,70110.23,14.03
55,33,33,1,2,5,4,1,23,130221.45,12.01
57,32,25,0,3,2,3,12,49,80265.7,11.06
27,5,1,1,2,2,4,1,87,59527.24,13.68
33,7,4,3,0,1,4,11,20,69834.99,14.52
24,0,0,1,4,4,3,9,24,83966.21,7.67
39,17,10,1,2,2,4,13,3,80286.02,10.43
42,17,13,2,2,2,3,8,42,86368.07,7.05
36,14,13,3,1,2,2,3,46,86463.41,8.78
54,31,25,1,3,2,4,4,22,86179.88,10.26
56,30,27,1,3,2,3,2,59,82750.09,8.12
47,24,20,3,1,2,3,1,87,98174.2,13.69
29,3,3,1,1,4,4,13,20,81346.59,12.43
57,31,31,2,0,4,1,9,65,142921.09,6.2
51,27,21,2,4,3,3,7,86,110878.08,9.55
44,21,20,2,3,1,2,3,50,69453.5,8.87
35,12,7,1,1,3,1,13,14,86011.97,5.74
35,11,11,1,1,1,3,11,57,64378.85,10.58
23,0,0,2,4,1,5,0,25,57477.71,12.58
58,35,35,1,1,4,3,12,89,132228.31,11.03
26,4,4,1,0,4,4,5,91,93411.91,11.7
59,35,32,1,4,3,2,5,58,121499.8,5.76
35,12,12,0,0,4,4,1,89,99865.2,7.29
46,21,19,3,2,5,5,1,44,128731.99,10.77
41,18,14,1,3,3,3,7,65,77346.24,7.57
23,0,0,3,1,3,4,10,34,73379.97,12.19
27,5,5,1,4,3,5,6,95,79992.99,13.22
38,14,9,1,0,1,3,13,93,77556.88,13.44
46,20,13,1,3,1,3,1,63,59511.42,9.01
49,24,19,2,3,3,4,9,83,92532.68,13.2
23,0,0,2,1,2,4,14,76,66846.5,14.16
56,30,30,1,3,1,2,0,26,77973.23,7.27
58,33,31,3,1,2,3,10,86,112809.66,11.76
26,0,0,1,2,2,3,7,79,58155.52,12.67
22,0,0,2,1,5,3,14,30,99873.41,12.48
33,10,6,3,0,3,4,9,11,115575.59,10.75
57,31,26,2,3,2,3,1,96,90762.12,10.42
44,20,18,3,3,5,3,4,44,110144.99,8.85
52,29,24,1,3,4,4,5,31,103990.96,10.35
32,9,7,1,1,2,3,9,53,62856.5,6.72
31,5,0,1,4,4,3,0,65,94302.62,7.73
24,0,0,1,1,2,3,1,86,52788.48,11.8
35,9,4,2,0,1,3,13,31,73670.57,13.76
37,12,7,1,1,1,3,9,14,69652.84,7.5
31,8,6,2,3,3,2,14,54,70591.7,8.3
50,24,18,1,2,2,3,3,40,86448.77,9.27
31,8,7,1,0,3,4,1,39,88701.18,8.28
33,9,7,2,2,3,4,10,71,81622.07,13.41
51,29,27,1,0,1,3,5,48,98396.44,11.15
22,0,0,2,0,1,3,13,85,60948.71,15.08
26,0,0,1,3,2,4,3,37,49772.41,12.41
41,18,12,2,1,1,3,10,55,75090.82,9.99
29,5,2,0,3,3,5,2,33,58633.27,10.68
33,8,5,1,3,3,5,5,0,66012.4,12.94
22,0,0,2,3,3,3,8,9,66862.04,10.65
41,15,14,2,2,2,3,7,39,69623.34,6.43
49,24,22,1,0,3,2,1,15,114839.38,6.65
58,34,34,1,4,4,2,2,87,138287.94,7.76
58,36,35,1,1,5,5,1,45,148377.99,10
33,10,7,1,3,4,5,9,23,84214.7,11.48
58,34,27,2,0,3,2,6,13,142600.45,5.67
49,25,20,2,1,1,3,8,89,84139.96,12.31
36,14,9,1,4,3,3,0,38,92285.67,7.75
27,1,0,1,4,4,3,10,17,88592.57,9.31
41,18,11,2,3,1,4,2,83,62510.41,13.22
35,11,7,1,4,2,5,5,40,74818.1,12.64
23,0,0,2,4,1,2,14,55,50191.14,13.39
30,6,5,0,1,3,2,14,35,74987.9,9.03
58,35,32,2,1,2,1,3,23,108852.72,3.17
41,17,16,1,3,1,3,9,89,49642.49,12.53
47,25,24,2,0,4,3,13,28,140307.66,8.99
50,26,21,1,3,3,3,9,21,92208.85,7.28
22,0,0,1,2,2,3,0,10,50309.47,9.5
56,31,31,2,4,2,4,8,40,105164.18,12.54
27,5,1,0,0,2,3,6,48,67962.37,14.88
58,36,33,1,1,2,3,13,10,107221.66,6.34
26,2,1,1,2,2,4,10,51,55956.28,12.99
54,29,25,1,2,2,4,11,66,92455.79,16.58
35,11,10,3,4,3,3,6,84,90990.52,9.79
33,9,2,2,1,3,3,11,74,87798.46,11.6
41,18,13,0,0,2,4,0,7,90017.65,9.12
45,22,22,2,1,2,2,8,30,93220.53,8.16
55,30,25,1,4,4,3,11,73,125464.63,9.18
46,20,16,3,2,1,3,11,5,87738.54,9.86
50,27,24,1,4,1,2,7,80,89314.87,10.04
52,26,25,1,3,3,2,10,70,85454,8.28
44,22,22,1,2,3,3,11,95,103740.22,11.74
59,36,29,1,4,1,4,9,12,99280.87,12.18
41,18,13,1,0,3,4,11,5,114227.49,11.86
44,19,12,1,0,3,5,4,66,112838.41,14.44
37,11,7,2,0,4,2,3,26,118358.31,6.14
29,6,1,1,3,1,3,0,44,48927.28,8.94
42,19,18,3,1,3,4,8,25,100207.7,13.19
22,0,0,1,0,1,3,14,3,52085.27,12.25
29,4,0,2,3,3,3,7,36,66001.72,12.02
50,24,21,3,0,3,3,12,20,143321.49,10.72
53,31,31,2,3,2,3,1,27,84814.78,8.28
59,37,35,2,0,4,3,3,81,163011.04,8.87
26,2,0,2,1,1,2,3,31,53531.38,11.77
43,20,19,1,4,2,5,12,52,86732.16,14.55
55,29,25,2,0,1,2,6,32,105183.53,8.34
22,0,0,1,4,3,5,2,25,68406.37,11.63
47,21,18,1,0,1,4,7,16,81204.55,10.89
31,5,2,1,1,4,3,10,55,82775.06,10.83
51,25,24,2,4,4,4,6,92,127950.88,12.11
39,16,15,1,3,4,4,9,83,89845.81,13.82
38,13,6,1,0,1,3,11,29,68859.37,11.09
47,24,23,1,0,3,3,11,4,107693.4,8.79
29,3,0,3,3,1,3,3,5,50254.56,10.15
33,9,3,0,1,4,4,14,61,87634.94,11.72
48,26,24,0,2,3,3,8,9,94074.04,6.6
29,3,2,1,0,2,3,5,69,68621.19,11.12
46,22,17,3,3,3,3,2,9,98334.18,8
25,0,0,3,2,1,3,6,84,51990.66,13.33
54,28,21,2,0,2,3,5,43,122206.01,9.41
22,0,0,2,4,2,3,7,55,65353.24,13.02
40,14,8,1,3,5,4,4,3,92003.58,7.09
52,29,29,3,4,4,4,5,12,145912.74,11.39
37,13,9,1,1,3,4,0,73,81108.75,10.01
35,12,11,1,2,4,3,7,79,84204.25,10.55
26,3,0,1,3,2,4,0,18,50914.58,10.4
47,23,18,1,0,4,3,2,69,133281.16,7.59
49,27,21,2,0,2,1,11,89,119164.82,10.78
23,0,0,1,2,3,5,1,61,59061.13,14.75
27,5,0,3,4,3,1,5,8,91438.1,6.56
30,4,0,1,4,1,3,7,45,44473.1,9.66
54,28,26,1,3,2,2,7,55,83637.29,8.87
46,22,16,1,3,1,2,6,73,64901.98,10.74
34,8,2,2,4,5,4,6,39,116732.25,10.07
30,5,1,2,3,1,3,7,66,50707.44,12.9
34,11,4,1,4,2,4,4,82,77312.57,12.43
52,29,22,1,2,3,3,2,61,99916.13,9.44
32,10,4,1,3,1,3,1,98,47567.71,10.05
25,0,0,2,4,2,3,2,45,59265.83,10.77
55,33,26,3,3,3,4,10,5,100586.75,11.22
59,36,29,0,0,1,4,10,28,108071.58,13.15
25,2,0,2,0,3,3,2,18,90328.89,6.18
59,33,27,1,1,2,3,11,14,100796.42,10.94
40,15,10,1,4,1,5,6,56,65478.72,11.79
27,2,1,3,1,3,2,0,37,81868.13,7.24
55,29,24,1,4,2,3,14,20,101115.07,10.14
39,13,9,1,3,4,3,6,50,87467.49,9.59
34,12,9,1,4,4,2,5,38,100231.5,7.84
44,18,12,1,0,2,3,10,86,90419.9,10.45
40,15,13,2,3,2,1,9,19,72441.28,6.98
32,6,6,2,0,2,4,13,1,76317.22,10.33
22,0,0,3,3,2,4,1,31,59352.71,10.7
45,23,22,1,4,2,4,9,91,93728.76,15.59
28,6,6,1,4,4,3,0,3,96225.53,8.38
46,24,22,0,0,2,3,8,6,102340.53,7.86
42,18,14,1,2,1,4,1,2,61544.2,7.72
36,10,6,3,4,2,5,3,24,86375.12,11.15
22,0,0,2,2,1,2,8,8,46373.96,11.14
33,7,2,1,3,3,3,8,86,65484.58,11.14
28,4,2,2,2,2,4,11,86,68056.46,12.22
36,14,7,2,0,2,5,10,25,94227.97,13.89
42,18,11,0,1,2,5,0,63,70457.24,11.13
40,15,9,2,1,4,4,13,17,105662.95,8.55
50,25,24,1,0,1,2,1,87,89354.36,7.2
46,20,13,1,1,4,2,1,90,107350.87,8.68
54,28,25,1,0,2,5,11,1,111481.61,10.15
53,30,24,1,4,4,3,1,0,127267.97,5.96
56,33,27,1,2,3,2,14,47,113000.77,6.89
59,34,28,1,1,1,5,7,79,100078.75,16.71
47,25,25,1,4,4,2,12,62,123066.32,7.78
32,8,8,2,1,3,4,7,87,88151.62,14.11
56,33,29,3,3,1,4,9,35,85442.71,11.86
29,6,0,2,0,1,2,11,62,70634.84,11.91
35,13,8,1,0,3,3,7,74,105779.81,8.99
31,9,2,1,4,3,2,11,25,89667.05,5.34
23,0,0,1,3,3,4,3,5,54967.77,9.28
30,6,5,1,2,3,3,14,25,76906.99,9.04
24,2,0,1,3,3,1,7,92,65484.19,6.48
42,19,19,2,3,3,5,13,42,84367.95,15.22
47,24,18,2,2,3,3,12,0,106213.92,7.72
29,4,3,2,2,2,3,6,8,61462.55,10.4
23,1,0,1,3,4,3,7,26,63814.18,8.31
27,1,0,1,1,1,2,0,70,43643.82,9.06
49,25,25,2,1,2,5,2,2,96252.4,10.36
50,24,20,1,3,3,3,9,60,87086.93,9.88
47,24,19,1,1,2,3,5,72,80667.34,8.98
46,20,16,1,2,1,4,0,1,70810.01,8.29
33,10,7,1,2,1,4,3,73,54217.24,14.52
26,3,0,0,1,3,3,8,80,68502.3,13.21
55,32,30,2,2,5,4,6,30,136006.31,12.45
58,35,31,2,0,3,4,0,64,152296.32,10.54
36,13,6,1,2,2,3,12,17,69113.4,6.89
57,32,25,0,3,2,4,11,5,82833.02,10.48
36,10,7,2,4,2,5,5,41,75675.71,12.13
44,19,18,1,1,1,3,5,67,71887.87,9.94
27,2,0,1,1,2,4,11,3,59075.11,12.36
42,20,15,0,2,2,5,1,98,72898.43,16.09
44,22,21,1,2,1,4,5,3,75084.21,10.67
37,15,8,2,4,1,2,13,64,72714.73,13.58
36,12,5,2,4,3,3,9,40,100313,8.69
46,24,18,1,3,4,3,1,42,93091.85,9.65
57,31,27,1,0,4,3,7,94,144023.63,10.24
32,7,7,1,3,3,5,6,54,74809.92,9.71
36,10,7,0,1,1,3,13,18,42425.72,10.37
25,3,0,3,2,3,3,5,20,82950.11,11.39
42,18,18,2,3,1,4,13,57,65676.33,11.45
34,10,8,1,2,3,3,9,29,76733.49,8.55
43,18,11,2,2,3,3,5,6,99177.96,7.24
40,14,8,2,3,3,2,8,68,81353.79,10.03
55,32,27,2,3,5,3,8,63,122245.7,8.37
35,9,6,0,4,3,4,9,1,75132.1,8.95
25,3,2,1,0,3,4,9,66,80279.01,10.57
48,25,18,2,4,2,3,1,78,102390.45,8.68
50,26,21,1,0,4,2,2,73,134891.5,5.25
49,24,21,3,3,1,4,9,8,74646.44,10.35
56,31,25,2,0,4,5,6,22,151913.38,9.79
29,5,3,3,1,2,3,10,13,71893.83,12.3
37,15,9,1,4,1,4,9,53,69346.44,14.78
57,33,32,2,4,4,3,11,44,149255.02,11.27
51,29,23,1,4,1,3,12,96,94412.04,12.79
39,16,11,3,2,4,4,13,15,109102.67,10.58
23,0,0,1,2,2,2,13,83,47761.1,12.34
34,12,11,1,3,4,3,8,71,82932.2,11.67
25,2,0,2,3,3,3,11,97,70673.1,13.58
47,23,23,1,2,3,3,12,94,92594.35,10.83
46,21,17,1,4,2,4,13,56,81607.98,13.73
51,27,27,3,2,1,1,5,7,91923.75,11.07
32,6,1,1,0,4,3,10,24,108271.74,8.7
28,4,0,2,4,1,3,0,40,62851.56,9.34
52,26,26,0,2,2,4,10,61,89890.48,13.93
31,8,4,2,3,3,2,14,76,67871.32,11.37
34,10,7,2,2,2,4,6,17,70685.63,9.35
52,29,23,1,1,1,4,10,49,87975.74,13.2
28,5,4,0,2,1,5,0,40,33499.41,11.69
57,35,31,1,4,1,5,4,33,100158.81,11.19
41,18,15,0,2,4,3,8,99,92978.94,8.12
25,2,0,0,3,1,1,9,80,33161.79,8.34
28,4,0,2,0,5,4,10,11,119679.23,11.34
22,0,0,1,1,1,4,9,79,41651.66,16.03
34,9,2,1,4,1,1,8,76,54746.98,7.22
43,21,21,2,3,3,2,0,74,91223.73,7.02
42,19,17,0,1,1,3,5,77,61097.33,11.41
43,21,14,1,2,3,5,14,41,93146.76,13.31
49,23,16,1,1,4,5,12,54,110172.57,12.83
30,7,2,1,0,1,2,2,91,64669.82,10.82
47,25,22,2,1,3,3,14,58,104204.14,10.51
30,5,3,2,1,2,1,11,50,68105.48,6.41
36,11,9,1,2,1,3,8,87,57693.3,10.84
31,8,1,0,2,1,4,13,52,47604.98,14.17
45,19,13,0,4,4,4,11,80,111086.9,13.54
29,4,1,1,2,1,3,2,8,49693.35,10.52
45,20,14,3,1,4,2,1,93,122811.67,7.77
37,11,10,1,0,2,3,7,2,73062.77,8.26
47,25,21,1,2,1,5,2,7,78662.48,13.1
48,23,18,1,4,2,3,14,81,99053.26,11.79
58,34,29,2,4,4,3,4,58,139537.2,8.61
25,0,0,2,1,3,4,11,29,77646.77,13.5
45,23,17,2,2,2,4,5,66,94161.82,11.14
40,18,14,2,2,4,5,14,54,103724.32,16.89
57,34,27,1,4,1,3,11,33,96485.12,13.46
31,7,7,1,2,4,3,9,42,81369.48,8.89
46,24,19,1,1,4,3,14,27,119236.3,8.97
39,13,9,2,0,3,5,13,36,103226.63,12.52
40,16,14,2,1,4,4,9,88,106337.38,12.46
57,33,32,1,2,2,4,0,29,98384.1,8.38
31,5,0,2,1,3,2,6,70,75994.58,9.57
54,29,27,2,3,3,4,10,61,100687.46,13.41
26,0,0,2,3,2,3,6,28,50840.99,12.5
56,30,23,1,2,3,1,14,1,110571.56,7.55
55,30,24,2,2,2,2,4,89,103935.47,9.83
54,29,26,1,0,2,4,8,56,120776.08,10.69
42,17,17,2,1,2,3,10,56,80225.96,13.16
38,13,13,3,0,1,4,1,41,79799.83,13.24
43,18,15,1,2,2,4,4,48,77911.64,10.5
58,32,28,2,2,4,1,1,56,126796.04,3.15
36,13,10,2,4,2,4,13,70,83310.38,13.96
56,33,27,0,0,3,2,1,17,134622.98,7.04
49,27,22,1,2,1,3,11,69,77802.17,11.07
28,5,2,1,3,2,4,10,26,54714.72,11.68
53,30,29,3,4,1,4,8,53,106413.76,14.22
32,6,1,2,1,1,3,6,23,55577.49,9.22
31,6,3,1,4,3,4,3,96,81753.14,10.86
30,5,5,1,1,3,4,13,94,74484.87,15.82
35,9,7,1,3,1,3,10,33,52236.25,7.56
34,11,10,1,1,2,3,13,21,76153.04,11.8
46,20,14,0,0,4,4,7,87,106854.67,12.97
23,1,0,1,1,1,1,10,62,38348.02,9.87
56,31,24,1,1,1,4,10,35,88918.82,12.53
28,4,0,1,4,3,4,12,91,80275.14,12.17
42,20,18,2,3,1,3,3,83,67568.71,11.92
39,17,16,3,1,5,5,0,60,130158.35,10.95
24,0,0,2,0,3,2,11,81,96780.22,12.78
32,9,6,2,4,2,5,13,41,75608.86,15.1
45,20,19,1,3,2,3,9,95,73753.27,9.23
40,16,15,1,3,3,4,13,32,77908.98,10.38
25,3,2,1,2,1,3,2,73,48389.09,7.99
47,23,19,2,0,4,4,9,8,141796.13,7.94
59,36,35,3,4,3,2,11,24,141981.21,9.45
53,30,29,2,4,1,3,0,12,104584.76,8.19
57,33,29,2,0,3,2,1,46,147038.71,5.66
58,33,26,2,3,1,4,1,44,85133.06,11.44
54,31,26,1,1,1,3,6,4,89078.51,8.35
57,33,31,1,0,3,4,12,30,135308.44,11.54
24,2,0,0,4,3,4,3,30,60225.52,14.09
30,6,0,0,0,3,5,9,97,78081.21,15.68
29,5,0,2,3,1,2,11,89,44741.54,14.08
54,28,28,1,2,3,4,8,70,106932.43,8.97
27,4,0,1,2,1,2,1,40,51681.29,8.3
25,0,0,1,1,3,4,8,45,69644.41,10.71
34,9,8,1,1,3,4,5,51,79982.78,11.12
23,0,0,1,3,3,1,9,83,54435.29,9.65
26,1,0,1,1,4,3,7,85,84006.26,12.53
48,24,24,1,2,4,3,6,4,113222.27,6.92
53,27,26,2,3,5,3,10,11,116550.14,9.62
42,20,17,1,3,5,5,12,20,103053.36,12.08
29,6,5,2,3,3,3,7,8,68507.95,9.26
59,36,35,2,0,5,5,12,92,175564.57,13.45
29,6,3,2,1,4,3,12,90,92445.04,10.3
24,0,0,2,4,3,5,8,16,76318.46,13.46
24,2,0,1,2,1,4,11,23,39250.96,15.55
43,17,13,0,1,1,4,14,26,63548.93,11.6
27,1,0,1,2,4,2,12,7,83130.1,5.61
23,0,0,1,1,2,3,7,43,56389.29,10.85
44,22,18,3,4,4,2,5,61,134578.09,6.77
23,1,0,2,2,2,3,7,28,62276.53,12.68
59,37,31,0,4,2,4,7,82,109211.72,12.47
38,13,9,1,2,3,4,1,73,82122.93,11.45
56,31,31,1,0,4,1,1,23,141805.49,4.88
55,32,32,2,0,1,3,10,33,116051.93,11.32
44,22,19,2,2,4,3,0,59,113879.29,6.71
51,29,25,2,2,3,2,9,30,114486.3,8.18
29,3,2,3,4,2,3,1,3,75524.71,10.07
43,17,17,1,3,2,4,6,94,62341.23,12.82
57,34,29,1,2,1,2,10,8,86558.83,8.03
26,4,3,1,1,1,4,2,89,53005.29,11.83
34,11,6,1,1,2,3,3,76,70713.94,10.29
50,24,22,3,1,1,4,3,89,95251.28,14.26
52,26,21,1,0,1,3,3,53,100789.13,11.64
37,12,5,2,4,4,4,1,0,112055.47,10.99
51,28,28,1,0,3,2,10,60,129452.31,9.04
37,14,11,0,1,3,3,5,72,71247.4,11.47
33,11,9,0,2,1,2,0,30,49936.76,7.02
38,16,12,1,1,4,4,11,87,102975.93,13.17
37,12,11,2,2,4,4,13,44,101250.27,15.56
33,9,9,1,4,2,1,4,59,72402.38,5.91
29,5,3,2,3,4,1,1,85,73541.37,3.85
41,17,15,2,2,4,3,8,72,99379.77,13.22
24,1,0,1,0,3,2,1,86,76544.24,10.07
37,14,14,2,1,3,4,5,83,104752.65,10.39
51,25,21,1,1,1,4,3,41,81621.79,11.11
44,21,17,2,1,2,5,13,84,94548.11,16.58
49,26,23,2,2,1,5,5,26,77998.42,12.31
26,3,0,3,4,1,4,14,57,67109.89,14.1
41,16,11,1,2,1,1,1,68,62443.79,7.64
22,0,0,1,0,4,3,11,80,97771.24,8.97
51,29,22,1,1,1,3,1,97,81528.93,10.1
42,20,17,1,2,5,3,11,72,114593.34,8.58
41,15,10,2,1,3,4,6,33,93454.3,9.3
27,2,0,3,0,1,5,2,9,69621.33,13.78
43,21,21,1,3,2,4,2,65,76856.81,10.99
39,14,10,1,3,1,2,14,24,52259.07,4.51
29,4,1,1,3,5,3,14,2,85187.09,9.71
53,27,25,1,1,4,4,6,33,125175.22,11.03
54,29,25,1,2,1,4,7,70,85902.7,15.07
37,14,13,1,1,4,3,6,27,97705.09,7.73
33,8,2,2,4,3,4,2,8,87469.35,6.14
59,33,31,0,2,1,4,2,10,81366.71,11.09
55,29,22,1,0,3,3,6,92,131430.3,10.47
35,9,2,2,3,3,3,2,79,74983.8,10.83
57,35,31,1,2,1,4,12,38,85944.49,12.9
54,31,24,2,2,3,4,1,92,113464.29,12.56
44,22,20,2,3,1,2,13,12,75261.21,7.57
23,0,0,2,0,2,4,6,98,74684.92,13.11
42,19,19,1,1,1,4,2,10,69096.73,10.04
23,0,0,1,1,5,4,4,34,84856.24,10.33
48,22,22,2,2,3,3,6,7,98803.86,7
30,6,1,2,3,1,5,12,6,49288.51,14.3
22,0,0,1,4,2,2,1,68,56022.45,7.87
32,10,10,1,0,1,4,7,69,62184.22,14.58
24,0,0,0,1,3,4,1,56,63343.63,9.91
44,22,21,0,0,1,3,3,34,69506.06,9.69
47,24,24,1,0,4,3,3,93,137408.28,8.1
25,2,0,0,0,4,4,7,10,90872.71,11.05
39,15,8,1,3,3,4,10,37,77526.7,13.22
27,2,0,2,3,1,3,0,90,46225.67,14.07
56,34,30,1,3,2,2,11,84,89134.38,9.31
43,19,15,2,2,2,1,8,77,84921.96,8.05
36,10,10,2,3,3,2,5,48,79797.41,6.81
43,18,14,1,2,3,5,3,34,88721.95,13.13
58,34,34,2,1,3,4,5,28,125536.84,10.36
33,11,11,2,1,2,5,12,87,79607.74,17.85
59,36,29,1,1,4,1,12,99,133421.48,5.94
39,13,7,1,1,1,4,5,40,61643.74,10.44
56,34,31,1,1,2,1,12,95,99013.51,9.4
51,26,23,3,3,3,4,13,5,103073.52,12.17
45,20,14,2,4,1,3,8,9,87476.86,12.54
51,28,25,1,3,3,2,10,83,92897.08,8.57
35,12,11,2,4,4,3,13,83,113371.92,10.23
27,1,0,1,3,3,3,11,89,59516.69,11.74
24,0,0,1,1,1,4,3,84,35156.87,13.69
37,14,9,2,0,1,4,7,22,75648.96,12.37
28,5,0,1,4,2,4,0,45,63571.16,9.38
35,10,8,2,0,1,5,5,11,70793.82,11.11
30,7,0,2,1,5,3,4,54,107797.01,9.93
36,12,9,2,4,3,3,2,12,91694.69,8.25
42,20,15,1,0,2,4,3,73,105585.96,11.21
56,33,30,2,3,4,3,7,6,107005.71,8.43
23,0,0,3,1,3,1,10,11,78676.42,5.02
48,24,22,1,3,2,4,10,60,74801.87,11.35
23,0,0,1,3,2,2,9,24,42319.59,7.97
56,32,32,1,1,1,2,10,1,93358.73,6.38
39,16,15,2,4,5,2,13,25,122801.79,8.16
35,13,7,2,2,2,2,14,50,76628.38,11.06
41,15,9,1,2,4,1,1,68,92810.52,1.23
39,15,9,2,1,2,2,7,61,75882.13,5.83
31,6,3,1,2,4,3,6,71,82753.34,9.32
46,23,18,2,0,1,3,0,72,97431.41,9.46
23,1,0,1,4,5,2,12,38,94613.64,8.04
46,23,16,1,3,4,4,1,83,100950.74,10.94
54,29,24,1,3,2,3,6,10,84730.71,11.16
57,35,33,1,1,3,1,10,63,122397.73,6.45
52,27,27,2,3,3,3,12,85,94240.76,12.84
35,12,8,1,0,4,3,10,79,108645.45,9.39
22,0,0,1,0,2,3,2,41,61690.14,10.95
37,14,13,1,1,2,3,1,9,74587.49,8.7
24,1,0,0,3,4,4,0,88,61753.59,10.77
56,33,28,2,2,3,4,6,18,112158.81,9.32
27,1,0,2,2,2,5,2,3,62379.06,12.41
46,21,19,0,4,4,3,5,82,103563.41,10.2
34,9,7,1,1,1,3,9,2,59003.45,10.45
55,30,27,0,4,3,3,7,80,114784.82,6.03
29,3,0,3,2,1,4,5,13,55434.63,12.49
42,18,14,3,2,2,2,13,9,98934.02,9.28
55,32,31,2,2,2,3,6,5,103584.79,11.09
25,1,1,3,4,2,3,10,30,70695.84,11.92
46,20,20,2,1,2,4,14,30,90012.9,13.2
36,11,7,2,0,2,5,5,47,94120.4,13.6
25,2,0,1,0,2,5,6,8,65479.64,12.76
33,11,9,1,2,1,2,4,75,58938.22,6.9
53,31,29,1,1,3,3,8,25,108092,6.8
53,29,22,1,1,2,4,2,1,99086.3,10.54
49,24,22,2,3,2,3,5,3,85805.02,8.7
34,12,5,1,3,3,3,8,95,72111.29,9.68
52,28,23,1,4,4,4,14,91,123873.53,10.72
35,9,2,1,3,3,4,0,5,67455.88,9.71
41,17,15,1,4,1,5,4,29,65942.69,11.44
39,15,13,1,0,4,3,12,54,120921.7,10.63
50,26,21,3,2,5,3,3,27,139537.46,7.31
27,4,0,2,1,2,3,8,60,66492.53,12.17
53,29,24,2,0,5,4,10,76,168534.97,14.17
50,26,22,1,0,2,4,12,54,111508.82,9.47
23,0,0,1,4,2,4,10,35,57827.09,11.9
44,21,16,1,2,2,5,0,73,87286.01,15.39
40,14,13,2,4,3,4,12,73,101693.69,14.39
52,27,25,1,0,1,3,3,4,101493.25,8.06
26,4,1,0,1,1,4,0,28,48568.4,14.34
40,18,18,2,3,1,4,2,99,63786.98,14.81
55,31,27,1,4,2,1,3,11,109468.99,3.65
31,5,0,1,0,2,3,0,21,62987.36,7.72
46,22,19,0,3,3,4,4,58,75949.79,12.51
23,1,0,1,3,2,3,5,38,49740.67,9.45
32,9,7,1,0,5,4,0,1,121845.85,7.6
52,27,25,0,2,2,3,9,13,81415.44,10.94
36,10,8,2,0,2,5,10,9,85659.1,13.41
30,7,4,2,1,1,3,12,47,60925.84,11.63
44,19,17,1,3,2,2,12,63,70960.25,6.78
40,14,9,2,1,1,3,9,2,69086.26,11.26
30,4,0,1,4,3,3,13,71,70727.09,9.67
56,34,31,1,3,3,3,11,59,101491.62,12.23
42,19,17,1,2,1,3,12,80,67204.67,9.67
30,4,4,2,0,2,4,14,67,87044.86,12.5
49,23,23,1,4,1,3,11,20,87275.83,11.99
28,3,2,2,1,4,4,3,93,90037.85,13.66
37,15,13,2,4,3,4,3,18,92123.74,9.98
37,13,11,1,2,1,4,13,78,68589.01,13.56
54,32,29,2,0,2,3,0,19,129107.35,8.4
25,1,0,3,4,5,3,1,57,107412.61,6.63
25,2,0,1,1,2,3,10,41,61543.74,13.23
38,15,8,1,4,2,4,9,93,84715.76,12.36
58,32,30,2,0,2,4,4,9,122333.9,9.96
50,27,26,2,4,3,3,1,22,115266.16,7.95
57,31,24,1,1,5,2,2,87,140467.46,6.96
59,37,35,1,0,5,2,8,11,173422.35,5.93
58,35,28,1,2,3,3,4,8,114745.37,9.34
56,34,29,1,2,2,3,0,78,101673.01,11.45
28,6,3,1,3,2,4,4,28,59003.45,10.46
48,25,23,3,4,2,3,2,81,109094.92,11.87
49,27,20,2,1,5,4,0,19,125945.13,9.48
43,20,17,1,4,3,5,2,64,104094.3,9.85
35,12,10,2,0,2,4,10,2,96152.63,10.47
28,5,1,2,3,1,2,5,7,49640.87,7.58
58,34,31,1,1,2,3,9,38,100884.21,9.88
43,21,14,1,4,5,3,4,63,125930.99,9.84
26,1,0,1,1,2,4,11,30,55942.45,14.4
23,0,0,2,0,1,3,11,71,50266.21,14.89
48,26,21,0,3,1,3,0,78,62640.01,9.15
42,16,14,3,1,2,3,10,21,96579.23,9.71
59,36,30,1,0,4,3,1,95,148375.61,8.11
36,13,8,1,2,5,4,4,4,103846.47,6.64
42,17,14,1,1,4,1,8,57,107366.55,6.31
31,7,3,1,3,3,3,10,72,60402.21,9.6
44,20,15,2,1,3,2,13,78,108423.9,7.76
26,3,2,3,1,3,3,11,62,81029.2,11.52
22,0,0,1,0,2,4,11,60,58405.9,14.23
34,8,5,3,4,3,2,12,51,101378.51,9.58
42,16,12,2,4,2,3,4,32,92911.41,11.4
47,25,20,1,1,3,4,4,21,100400.53,9.73
42,19,15,2,3,1,4,0,50,64577.38,10.54
39,13,9,1,3,2,2,4,10,64289.2,5.39
58,34,29,1,0,4,3,7,57,147995.91,7.43
53,31,31,0,1,4,2,8,49,124637.48,5.45
57,32,30,2,1,2,3,9,69,112453.22,9.29
38,15,8,0,4,1,3,2,16,49864.7,8.39
56,34,31,2,0,4,2,3,45,152599.07,5.44
32,6,3,2,2,3,5,6,43,75847.44,13.08
42,19,13,1,3,2,2,6,56,69375.55,7.54
47,23,17,1,3,3,4,0,4,87791.53,8.36
25,2,0,1,1,2,4,10,38,62539.14,15.94
55,32,29,1,0,2,5,5,57,115503.48,15.06
39,15,11,1,2,4,3,12,8,92142.88,5.93
56,32,26,1,3,1,4,11,92,76248.54,13.28
50,27,22,1,0,1,5,13,22,86065.53,11.38
50,26,24,0,2,1,2,8,46,74848.1,7.71
59,37,36,0,1,2,3,4,35,103999.18,9.02
42,18,15,1,4,1,2,7,30,71758.29,9.68
34,10,5,2,3,1,4,10,83,55143.75,15.69
38,15,13,3,3,1,3,9,22,62754.86,11.24
30,8,6,1,2,1,3,10,55,50919.45,9.72
22,0,0,1,4,2,4,8,70,54900.87,15.2
23,0,0,1,0,1,1,9,45,40737.95,8.62
50,24,19,1,1,3,4,9,57,102973.18,11.89
54,30,27,1,0,3,1,12,35,140381.47,8.98
31,7,1,2,2,1,4,2,67,56631.17,12.43
42,20,16,3,3,3,2,0,87,90021.23,11.32
49,24,18,1,3,5,3,13,59,108143.29,12.03
32,6,4,2,0,4,4,13,13,103063.88,10.86
55,33,31,0,1,1,3,1,24,84112.9,8.58
29,5,4,1,2,3,3,4,70,69156.56,8.31
43,18,12,1,1,2,5,13,78,79780.76,15.59
29,3,0,1,2,1,1,9,43,44008.26,8.63
36,13,6,1,1,2,4,6,45,77263.19,10.32
38,13,13,1,0,2,2,10,12,83804.28,6.35
44,18,11,1,4,2,2,5,61,84856.39,7.7
45,23,21,1,2,3,2,3,18,89138.9,5.83
40,17,15,2,0,3,5,14,11,107190.4,10.69
26,0,0,3,3,1,2,8,89,47026.91,13.99
53,27,23,1,3,2,4,14,47,85057.02,12
22,0,0,1,1,2,5,11,32,54246.77,14.64
44,19,12,1,3,2,3,10,78,70723.98,11.47
58,34,33,2,4,5,4,3,36,149440.94,8.78
29,6,1,1,2,3,4,2,5,69081.63,12.09
34,8,7,1,1,5,3,10,88,103953.08,9.28
29,5,4,1,2,3,2,4,80,75345.42,6.99
44,19,12,1,2,2,3,14,42,80089.04,11.72
22,0,0,1,0,2,4,3,99,62646.39,15.11
45,23,17,3,3,2,4,1,49,87153.62,15.19
56,32,26,2,2,2,3,2,45,99708.71,6.44
45,22,15,0,4,4,2,6,72,107387.85,7.07
38,16,10,1,4,2,5,11,27,81979.93,14.46
26,2,0,1,3,2,1,1,98,45372.17,6.84
41,18,14,1,3,3,4,0,66,82280.32,12.49
42,19,12,2,1,4,1,1,10,117256.06,2.24
52,28,28,1,1,2,4,11,19,95910.75,11.58
57,34,31,1,1,3,5,7,86,121022.7,15.58
32,6,3,1,3,1,3,7,29,49257.08,8.2
36,12,5,2,2,2,2,11,35,76581.45,8.48
40,17,10,2,0,1,3,9,75,89800.88,13.1
28,6,6,1,1,1,3,1,99,51695.93,11.16
49,27,21,1,0,3,3,5,98,127766.31,11.38
26,0,0,1,4,2,4,10,97,57224.88,16.28
26,2,0,3,3,3,3,11,67,67330.56,11.95
51,28,21,1,4,4,3,10,87,129962.43,12.7
53,30,26,1,1,1,4,10,35,88879.1,11.06
29,7,4,1,2,3,4,6,57,76588.21,13.15
31,5,0,2,1,2,3,0,27,65535.78,10.44
59,37,33,1,0,1,4,6,38,114735.48,10.82
53,31,24,1,1,3,4,11,65,117269,10.89
49,23,18,1,2,3,3,10,42,94729.48,9.95
38,14,14,2,2,2,3,7,4,80943.91,8.56
52,29,22,2,3,4,1,8,91,114572.58,7.6
29,5,4,2,3,2,4,13,12,56222.55,11.59
46,21,21,1,2,5,4,7,99,117384.48,11.45
30,5,2,0,2,2,4,2,8,60342.48,9.94
23,0,0,3,0,1,2,7,93,56646.56,12.16
36,10,5,1,1,2,3,2,56,71618.71,8.83
24,2,0,2,3,1,4,5,26,46555.66,13.65
57,33,30,2,0,3,3,3,60,140969.73,8.75
25,2,0,1,1,3,2,6,76,78949.13,10.59
35,10,9,1,3,2,3,7,49,61168.89,10.52
46,22,16,2,0,1,4,9,91,100486.22,15.28
31,6,3,2,4,2,1,5,81,77001.26,8.3
42,17,16,1,4,1,3,9,33,78201.81,9.92
57,34,30,1,3,3,4,3,84,100899.06,8.42
33,7,3,1,0,3,4,7,64,83121.19,11.24
48,26,21,0,1,5,4,6,44,126185.42,9.48
23,0,0,1,1,1,4,9,86,36256.13,15
34,10,9,1,0,2,2,14,33,78964.6,7.64
53,27,27,3,4,3,3,7,99,123516.29,13.4
52,28,24,2,0,4,4,12,72,144265.6,11.16
37,13,6,2,4,3,1,9,7,102434.67,4.09
53,31,25,1,4,1,4,6,93,93868.11,12.72
53,30,25,1,1,2,4,13,47,108223.09,12.14
55,33,33,3,3,3,3,2,35,109004.89,7.91
32,6,2,1,2,3,3,2,99,64077.26,9.87
31,7,3,1,0,4,3,8,81,100200.86,9.92
36,11,6,1,4,1,3,13,65,66047.6,10.47
38,13,8,2,0,5,3,6,10,127775.56,5.43
39,15,13,2,3,1,5,11,51,59564.71,16.24
30,8,1,0,3,5,3,0,35,85225.69,7.48
46,23,20,2,2,4,4,2,94,112326.26,12.86
35,13,10,1,2,3,1,10,30,80066.77,6.53
46,22,22,0,4,3,2,0,23,103967.86,4.65
43,19,16,2,2,1,2,5,20,72762.76,8.49
51,28,28,2,4,1,4,12,95,91172.54,15.97
41,15,9,1,1,1,3,1,29,68834.47,7.63
42,16,12,1,4,1,3,6,71,75124.53,8.63
53,30,28,2,2,2,4,7,96,101386.2,12.02
42,16,14,2,0,1,2,14,63,81283.9,11.48
56,31,24,2,2,4,3,12,38,121553.19,12.13
53,27,20,1,3,2,3,12,0,79292.74,9.15
51,25,21,3,2,3,3,12,96,105884.89,14.19
33,7,2,3,1,3,3,14,41,87529.78,12.33
39,14,7,1,4,2,3,5,76,82107.01,9.26
42,16,9,2,3,1,3,4,85,64554.68,11.32
34,9,8,1,4,2,4,9,4,72038.85,11.58
42,19,18,1,4,3,4,3,11,101881.25,7.47
29,7,4,2,2,3,4,8,28,78431.49,12.25
28,5,0,0,0,2,4,7,2,61614.81,12.93
44,22,22,1,3,4,3,4,60,94035.77,9.68
53,30,24,2,1,1,4,12,50,98497.2,13.32
32,10,8,1,1,3,3,0,35,72894.4,8.38
43,21,18,1,0,2,4,7,74,94202.37,13.86
43,19,12,3,0,3,3,7,89,121447.9,9.03
46,24,20,1,2,4,2,6,1,105027.48,1.63
43,21,16,1,1,3,4,6,28,100252.54,11.01
49,25,18,1,3,2,4,7,40,73411.42,10.47
50,24,22,1,0,1,4,0,28,96385.45,10.71
34,8,8,2,0,4,2,14,99,120548.93,10.21
39,15,15,2,0,2,3,14,63,97169.46,13.66
23,0,0,1,3,1,3,11,57,34445.73,13.1
50,28,25,2,1,3,3,2,82,118707.32,10.59
42,20,13,1,3,2,2,3,9,71288.19,6.87
36,12,8,1,3,1,3,10,10,48944.48,10.96
48,24,22,2,2,4,2,5,6,115150.2,4.76
52,27,20,2,0,2,3,9,76,109471.6,11.84
36,10,4,1,1,2,4,14,60,67040.11,9.63
44,21,21,0,2,3,4,11,65,84965.14,10.84
45,19,12,1,2,4,1,9,93,101765.55,8.22
34,12,10,1,4,1,3,8,85,57373.64,9.69
43,19,15,1,0,3,1,3,52,105562.55,3.23
58,33,31,2,1,3,2,5,64,120446.1,8.93
54,28,25,0,1,1,4,8,26,80896.25,10.39
24,0,0,2,1,2,4,13,6,61010.27,15.13
40,14,12,1,0,1,4,13,64,81120.35,13.8
44,22,17,1,1,3,3,12,57,96381.11,12.59
50,27,20,1,3,4,4,8,24,104578.02,12.41
51,26,25,1,3,1,2,14,47,72700.49,11.66
46,21,17,2,0,4,3,5,3,134804.83,6.56
58,35,34,0,1,3,2,4,93,114066.59,6.18
29,4,2,1,4,2,4,2,7,65158.76,11.45
37,12,10,2,4,3,3,4,84,91605.11,10.16
29,3,0,2,4,1,2,14,67,60209.04,12.54
22,0,0,1,3,4,4,2,59,67404.55,13.13
26,3,0,1,4,3,2,4,3,70024.49,5.37
24,2,0,2,1,3,1,12,7,80764.68,7.99
22,0,0,3,1,3,2,9,89,78565.46,10.53
25,3,0,2,4,3,1,9,92,81597.58,10.35
56,33,32,1,2,4,4,14,15,112535.1,11.16
53,30,25,3,4,3,3,0,18,129853.62,9.26
55,29,24,0,2,4,3,5,0,115497.69,5.8
46,21,14,0,0,3,3,6,33,103488.48,7.13
31,7,1,2,0,1,4,1,92,62500.41,14.43
42,19,13,1,1,4,3,2,90,109323.74,8.16
48,23,17,0,3,3,4,9,44,75249.45,9.88
48,26,19,1,1,3,3,8,62,108404.31,8.74
23,0,0,1,1,5,3,7,93,90185.67,11.81
34,12,10,2,3,1,5,3,5,57227.41,15.38
30,7,5,2,1,2,3,10,35,80958.64,11.51
57,34,30,1,3,1,2,11,65,80751.48,10.83
43,21,14,1,1,3,3,7,77,93146.52,11.09
47,24,24,3,0,4,3,10,7,146578.3,7.31
33,8,4,2,2,5,3,7,66,106373.55,9.99
38,15,11,1,1,2,5,13,98,69423.87,13.2
35,9,5,3,2,3,4,5,26,87826.43,11.37
35,10,3,2,4,4,2,13,33,97729.21,8.86
55,31,28,0,1,3,3,0,27,107598.93,8.23
41,18,14,0,0,1,4,1,30,80704.9,11.24
32,9,4,1,3,3,3,3,16,66948.04,5.71
37,11,10,2,0,5,3,3,82,130887.09,7.8
52,26,21,1,2,5,4,1,54,124563.15,10.75
27,5,0,1,3,3,4,8,74,64489.82,14.01
40,18,16,0,0,4,4,1,8,115681.29,8.28
58,36,33,3,0,1,4,12,93,116111.58,14.39
25,0,0,1,0,1,5,12,56,50299.18,14.93
25,3,0,3,3,5,3,5,44,89217.74,8.76
41,19,17,3,0,1,4,4,5,90777.52,9.13
31,7,7,0,0,1,1,3,13,55541.62,5.52
45,23,23,1,2,2,3,5,30,85553.88,4.54
56,33,26,0,0,3,1,3,53,118926,3.6
47,21,19,3,0,3,4,8,10,125237.96,13.79
58,33,32,1,4,2,2,10,68,115360.47,8.79
59,35,28,0,3,4,4,9,94,102397.32,10.56
42,16,14,1,4,4,4,14,1,108852.19,13.51
42,16,14,1,2,2,1,6,16,70469.12,4.47
31,8,5,3,4,2,4,14,35,89839.82,16.17
59,37,30,2,1,3,4,2,2,131292.04,8.78
25,2,2,2,3,3,4,11,62,61780.13,13.86
41,19,19,1,0,2,1,9,42,97008.47,9.8
38,16,12,0,4,2,4,3,92,70894.08,12.08
28,2,0,3,4,2,4,0,32,65887.32,11.75
25,3,0,0,0,1,3,5,77,47288.59,13.12
50,26,24,3,0,2,3,1,28,118414.93,7.52
35,11,4,1,2,3,3,3,22,80078.6,9.65
24,0,0,0,4,3,4,12,58,57010.42,12.28
45,19,18,2,4,3,3,14,80,104238.68,9.42
58,35,28,3,1,2,2,4,48,125622.55,8.16
37,12,6,3,1,3,4,11,54,102722.88,12
25,3,0,1,4,1,1,7,74,56901.48,5.4
45,20,20,1,1,2,5,2,27,94038.79,11.97
55,32,31,1,4,3,3,5,70,119053.17,7.9
51,28,25,2,3,3,3,0,71,88299.38,8.46
39,13,9,2,2,2,2,8,92,80669.98,8.26
40,16,15,1,1,3,5,14,24,86533.7,14.25
52,28,28,3,4,4,4,11,6,148300.22,10.6
40,17,14,2,1,3,5,0,85,98831.38,10.97
40,14,12,2,2,3,4,1,72,95515.53,13.25
43,17,14,1,3,5,2,0,74,98500.2,6.29
45,23,18,1,0,3,3,7,33,113599.12,8.02
33,9,2,3,0,3,3,12,90,109721.2,10.97
51,28,27,1,1,1,4,3,21,86956.98,10.64
59,34,34,2,4,2,5,1,66,112789.7,11.45
52,28,27,3,2,3,3,6,49,114818.45,11.85
57,35,33,2,3,3,4,7,47,104717.18,13.08
40,14,8,1,3,2,5,8,71,65294.38,13.78
57,34,32,0,3,5,2,14,69,115481.89,7.02
51,27,27,0,0,2,4,4,56,103552.7,9.62
54,29,24,1,2,3,3,13,24,105033.91,9.89
39,17,13,1,0,2,4,2,65,90953.15,11.7
49,27,20,1,1,2,3,0,15,96938.57,8.73
32,8,1,1,3,4,3,14,57,74771.27,11.98
54,29,26,1,2,2,1,7,40,99839.09,4.63
38,16,13,1,3,1,5,12,50,56895.85,13.82
27,4,2,0,0,2,4,13,20,67124.25,11.59
25,3,2,0,0,2,2,5,78,59065.9,7.14
41,16,10,2,0,3,5,4,55,109597.83,14.99
48,22,21,1,3,5,4,12,97,108535.47,12.09
36,10,5,1,2,1,4,6,46,57987.06,9.82
27,3,0,2,2,3,2,4,42,73158.68,8.49
35,10,3,2,1,3,3,10,83,80860.55,10.86
32,10,9,1,3,5,4,3,30,88318.23,10.63
30,8,1,2,1,4,2,4,14,96646.4,7.25
47,21,18,3,1,3,3,11,47,107770.46,11.54
37,11,4,2,1,2,3,13,61,72411.26,11.37
26,3,0,1,1,1,3,10,91,50916.04,15.23
31,5,0,2,0,2,3,6,69,77944.51,14.15
24,1,0,1,1,3,5,13,2,75735.56,12.56
34,12,6,1,2,3,3,10,37,80113.08,8.5
51,28,21,3,1,3,3,5,86,121709.78,10.5
27,4,0,1,0,3,3,9,57,81241.56,12.69
38,14,11,3,4,2,4,9,66,98746.39,12.32
40,14,7,1,4,3,4,12,44,91130.09,8.39
56,33,27,3,4,1,4,11,43,108872.74,14.74
47,25,24,1,3,1,1,13,7,65187.31,5.42
26,1,0,0,2,1,3,10,65,38017.49,12.02
50,27,25,1,0,4,4,8,70,135907.62,10.65
58,32,30,1,4,1,5,9,60,91478.99,11.58
41,17,12,0,0,4,4,1,16,113051.72,6.28
42,20,18,2,0,1,2,13,70,94182.69,11.95
31,7,6,1,3,2,3,6,96,61278.69,11.03
26,1,0,2,4,4,2,0,35,91815.47,8.58
57,34,31,1,1,3,4,7,67,115797.68,14
27,4,0,1,0,1,2,3,79,58450.8,7.92
47,21,21,3,4,2,2,7,20,102835.25,7.47
25,2,0,1,0,4,3,7,81,94559,10.93
56,34,32,2,3,2,3,3,45,95192.89,11.72
22,0,0,2,3,3,3,3,45,63618.68,8.73
45,21,15,1,1,2,3,4,91,88880.63,11.09
57,32,26,3,3,2,4,12,15,97581.95,14.18
27,4,4,2,4,1,3,6,21,72525.46,11.17
52,28,22,1,3,3,3,5,5,95773.18,8.35
41,15,14,2,1,3,3,0,93,87182.96,8.71
45,20,14,1,2,2,3,5,55,79431.96,11.31
46,22,19,1,0,3,4,2,44,114910.8,7.64
57,33,27,3,0,4,3,8,57,164377.38,10.6
42,18,11,2,4,4,4,2,27,125303.16,6.75
51,29,22,2,1,1,3,8,16,89622.37,12.69
45,20,18,2,1,2,4,4,35,95603.72,9.39
51,27,23,2,1,4,3,11,11,126314.45,7.87
43,18,17,3,0,1,3,9,49,95813.98,14.07
49,25,24,1,3,1,4,14,58,72485.65,14.35
28,2,0,1,0,4,3,7,11,86646.93,7.91
56,30,26,1,0,2,3,8,99,117460.29,11.68
49,23,19,2,0,2,4,8,61,117426.36,13
35,12,7,1,3,2,1,6,39,58453.01,6.4
31,7,3,0,2,4,3,9,92,79333.85,9.54
37,14,8,1,4,2,3,14,1,82649.04,9.08
37,12,6,3,2,4,5,0,92,96114.42,14.19
52,29,29,2,2,3,4,7,93,111951.69,12.38
46,21,19,1,0,2,3,6,99,98275.49,9.56
34,9,2,1,2,2,3,3,24,70401.87,7.95
27,2,0,1,0,1,2,5,84,49498.42,10.82
30,7,1,1,0,3,3,9,85,88931.58,12.67
57,33,33,1,4,2,4,1,73,106344.39,11.65
41,18,13,3,1,4,2,3,30,117523.86,4.42
39,15,13,3,0,2,3,7,46,99623.51,11.29
42,18,13,1,2,2,5,3,59,76434.9,12.76
25,0,0,0,4,2,4,9,72,46635.28,12.92
54,31,28,1,2,3,4,3,97,105180.1,13.21
48,24,17,1,1,2,4,13,40,87997.18,11.28
28,2,0,1,3,2,4,3,49,47740.6,15.15
27,3,0,1,1,4,2,13,22,83033.72,11.06
36,10,8,1,4,3,3,11,11,73899.62,10.28
39,16,15,2,1,3,3,9,70,97571.63,9.59
53,30,28,2,1,3,3,8,95,122956.51,12.04
32,9,7,2,4,3,4,10,82,93991.48,13.33
41,17,15,1,4,2,3,1,21,80884.06,6.91
45,23,20,3,2,1,2,6,55,88911.43,11.05
36,12,6,3,0,4,3,2,15,121629.68,7.58
28,4,4,1,3,1,3,11,57,42645.77,7.67
42,17,11,1,3,3,4,3,71,70408.7,13.25
47,22,21,1,3,1,4,0,93,66672.32,14.65
35,11,11,0,1,2,3,11,50,65520.1,10.04
58,32,27,1,4,1,3,14,5,96132.33,11.21
42,17,12,1,4,2,4,2,1,84598.12,9.88
39,15,10,1,4,3,4,1,61,101821.51,9.68
26,4,4,1,0,1,3,9,97,60369.38,16.21
24,0,0,1,4,2,5,6,92,60757.01,15.13
44,21,18,3,4,4,5,5,41,130957.18,12.54
47,23,19,1,1,2,5,0,42,97523.13,10.38
58,34,28,2,2,4,4,14,51,128242.47,13.35
45,19,14,0,3,4,5,10,57,81553.68,13.62
40,15,12,0,1,5,3,11,19,114367.89,8.7
46,21,21,1,1,4,4,12,55,108599.29,9.62
42,17,12,1,1,2,5,7,66,82482.57,14.36
33,10,10,0,3,5,5,8,58,86772.52,12.26
54,28,25,1,1,4,4,0,47,118064.19,7.24
25,0,0,1,2,4,3,4,34,69678.02,9.77
28,3,3,2,4,1,2,6,7,60651.88,6.64
43,18,17,1,2,5,3,1,75,116920.07,7.37
54,32,26,2,4,3,4,5,31,129709.91,11.43
38,16,12,1,4,3,3,7,92,97239.02,10.82
45,21,14,2,1,1,3,7,44,74906.4,9.57
55,31,27,1,1,1,3,9,84,88172.77,10.12
49,23,19,2,3,5,4,9,66,115901.46,10.83
43,17,15,3,0,2,5,12,26,102786,14.72
38,15,14,3,2,2,4,7,2,85529.64,11.05
55,32,25,0,3,4,4,11,56,104417.95,10.72
27,5,0,2,3,1,3,11,64,49774.78,13.11
27,3,0,0,2,2,4,5,19,46931.61,13.66
55,33,28,3,2,2,3,5,70,110227.68,11.22
22,0,0,1,4,2,3,10,40,61302.56,11.87
31,7,1,1,0,2,5,2,0,83876.57,12.3
42,19,15,0,1,1,4,1,73,64636.69,10.92
26,2,0,1,0,1,4,4,75,54791.35,16.84
23,0,0,2,0,3,3,13,3,78615.51,11.6
43,18,17,3,1,4,3,8,70,117029.42,11.4
23,0,0,2,0,2,3,3,9,67850.11,8.67
31,5,0,2,3,2,2,14,85,64813.96,13.67
55,32,32,2,3,1,3,4,88,84942.64,10
37,14,10,1,1,4,3,5,28,100373.77,8.17
43,17,12,0,1,5,3,10,14,102885.12,7.25
33,11,11,0,2,2,4,5,18,63396.95,11.96
45,20,16,1,2,2,5,3,57,81960.19,12.26
59,34,31,1,0,3,4,13,52,134656.62,12.97
31,9,7,0,0,3,4,3,45,85889.79,10.44
56,32,28,1,1,2,3,7,17,110205.99,7.72
53,29,26,1,0,3,4,4,2,131439.29,9.93
28,5,0,3,4,3,2,13,69,87106.47,11.11
42,16,15,1,3,5,2,13,21,104388.05,6.33
41,18,15,1,0,1,3,10,54,76846.44,10.53
47,23,22,1,0,5,3,4,63,151758.8,8.05
25,3,0,1,2,2,4,8,40,53773.45,13.1
43,20,19,0,4,3,3,3,94,94914.19,10.31
36,11,8,1,0,3,4,6,84,86307.56,12.4
42,17,11,0,3,2,5,14,7,65117.99,14.26
36,14,12,1,0,3,2,4,64,92170.56,8.63
43,19,19,1,1,2,3,14,2,84329.31,11.84
49,24,24,1,4,1,4,12,28,81124.65,13.47
35,10,8,2,0,2,3,14,69,85452.35,12.22
48,22,17,1,4,2,3,8,96,94054.76,13.11
49,26,26,1,0,1,4,12,17,98070.11,12.3
47,23,16,1,3,4,5,11,57,100924.85,13.58
23,0,0,2,3,1,4,7,0,37673.03,8.88
46,22,17,1,4,2,3,14,21,91093.09,8.81
24,0,0,2,2,1,3,7,94,46368.72,14.74
29,3,0,2,2,2,3,9,22,64516.23,13.27
54,31,24,1,1,2,3,9,7,103830.09,9.72
56,31,28,1,2,2,3,2,28,93215.11,9.29
27,3,0,1,4,1,3,8,43,54922.81,12.93
44,21,16,0,2,1,5,7,61,66633.45,14.05
46,23,16,0,1,3,4,2,18,102655.9,7.47
40,15,8,1,0,3,4,9,58,104383.58,12.6
26,3,0,1,2,2,5,0,79,48915.16,12.81
32,6,1,1,4,1,3,4,18,51141.75,11.24
33,7,6,2,4,4,2,12,21,99598.75,9.36
31,6,0,1,1,1,4,3,82,48623.11,14.49
29,5,0,3,1,4,5,7,67,94975.44,15.86
45,20,13,3,3,2,3,5,4,88924.92,10.59
49,23,17,3,3,2,2,9,4,82027.31,7.6
57,35,30,2,3,3,4,4,24,104875.3,12.43
58,36,33,1,0,4,2,8,23,153254.46,7.76
42,19,15,0,4,2,3,5,0,75850.53,7.84
29,6,0,1,3,2,3,13,27,53845.52,8.38
30,8,5,1,4,2,5,12,46,60421.78,14.03
36,10,10,2,1,4,3,10,84,97795.7,10.42
39,16,9,3,0,3,4,10,59,113304.52,13.12
41,16,15,1,1,1,3,10,18,65772.94,12.2
27,2,1,1,4,1,3,13,86,48065.75,15.58
33,7,3,1,3,1,5,10,13,50060.58,13.8
23,0,0,0,1,2,3,2,69,46559.07,10.32
28,3,0,1,2,1,3,5,95,53246.35,10.24
37,14,14,1,0,3,3,11,95,102176.37,12.43
24,1,0,2,4,1,4,10,7,49065.14,13.92
24,0,0,1,3,2,2,11,36,47209.52,11.35
48,26,19,3,1,3,3,3,85,122942.1,11.02
59,34,29,2,0,2,4,4,71,123888.41,11.36
54,28,23,2,3,1,3,5,9,83953.53,10.06
49,25,18,1,1,1,2,8,66,82628.65,9.84
22,0,0,2,4,1,4,2,12,46645.07,13.71
29,6,0,2,2,4,3,0,38,87315.61,8.66
58,35,32,1,2,3,1,1,63,111945.45,4.16
53,28,24,1,4,1,4,7,29,93904.82,11.93
58,34,31,3,0,2,5,3,3,130274.86,12.16
25,0,0,0,4,2,2,6,44,57915.74,8.06
51,27,27,1,1,3,3,1,5,112066.42,6.13
27,3,0,1,0,2,4,11,15,76081.12,14.72
40,14,10,2,2,2,2,10,21,78123.48,8.06
53,30,28,2,1,2,1,9,90,110939.54,9.98
30,7,7,1,3,1,3,13,20,44656.56,13.85
33,9,9,1,3,3,4,12,92,71898.6,12.93
32,9,3,3,3,4,2,7,64,89122.63,7.14
37,15,14,2,2,4,4,9,29,108969.06,9.16
22,0,0,2,4,1,4,11,23,52577,15.77
42,19,18,1,0,3,3,13,63,105939.62,10.58
51,29,25,1,2,3,3,11,12,110724.01,9.08
34,8,5,1,1,4,5,8,93,91834.04,13.32
55,32,32,2,1,2,3,14,25,106853.44,10.67
25,3,0,1,3,3,3,6,97,58789.2,16.08
49,24,21,1,0,1,4,9,19,86755.69,10.86
59,34,33,0,3,3,2,12,60,90329.73,5.29
52,30,27,1,1,2,1,10,5,98311.1,5.46
48,24,24,2,1,3,1,0,42,109819.37,3.99
26,2,2,0,4,4,3,1,48,78198.93,8.37
46,23,18,2,4,2,2,8,8,84394.69,7.5
24,0,0,3,4,2,4,9,36,63894.29,15.72
54,30,26,1,3,1,5,6,15,77996.27,9.92
25,1,0,2,0,2,2,10,3,71348.54,10.04
46,21,17,3,4,2,3,2,31,96259.99,11.45
41,15,11,3,2,1,1,14,83,72273.87,9.36
55,31,27,1,4,4,2,4,92,132298.38,7.14
47,25,19,1,3,1,3,0,94,71673.2,10.08
26,3,0,1,0,3,3,12,16,79067.68,9.89
56,32,27,2,4,4,5,9,40,142313.96,14.47
49,25,21,2,0,4,3,2,88,140772.9,8.1
50,24,17,2,2,3,3,10,44,102141.41,11.02
30,8,1,1,1,1,3,3,15,58492.12,8.08
59,36,31,1,0,4,1,3,19,148603.38,1.7
27,3,3,1,4,2,4,6,41,66453.84,11.5
40,17,11,1,3,4,2,4,9,84944.22,3.63
32,7,4,2,3,3,5,8,51,69015.51,11.89
23,0,0,1,3,3,2,6,59,55643.06,10.95
30,6,4,1,3,1,4,1,47,43823.13,11.98
42,17,10,1,0,3,5,12,22,94673.93,13.01
45,19,15,1,3,4,2,10,32,91733.84,7.86
55,31,24,1,1,4,3,10,76,118191.42,7.92
43,20,14,0,2,1,4,7,24,64287.01,9.74
24,2,0,1,0,4,1,10,49,95561.91,7.45
33,10,10,0,0,1,4,1,99,64292.56,10.21
49,23,23,1,3,3,2,6,87,81734.93,6.33
51,29,28,2,3,3,3,4,69,99804.72,9.29
47,24,20,1,0,1,2,9,78,90630.6,10.17
42,19,18,2,3,1,5,5,54,63944.67,13.97
49,24,18,2,3,3,2,10,97,88995.5,8.46
47,21,19,1,3,2,1,3,67,73799.86,4.86
54,29,22,3,3,1,3,4,77,88270.53,11.25
42,20,17,0,3,3,3,11,3,76531.95,9.29
56,31,30,2,4,4,3,4,27,143340.74,10.19
55,29,29,3,4,3,2,6,28,133438,7.58
39,15,11,2,4,1,4,10,81,66090.2,11.24
32,8,1,1,0,1,4,11,83,59297.54,16.77
44,22,20,1,2,3,3,3,47,92914.72,9.54
43,19,14,1,0,3,2,4,95,115914.54,7.52
38,13,7,2,4,3,3,13,71,97041.26,11.01
26,4,0,2,0,4,4,13,12,110587.03,14.41
32,6,6,1,2,2,3,3,42,60281.67,11.37
51,29,24,1,3,1,1,3,8,78008.61,3.78
36,14,8,2,1,4,3,14,39,107809.34,13.26
48,25,22,1,4,2,4,7,45,96722.92,12.24
56,33,26,2,4,3,5,10,57,133558.82,17.78
54,32,28,2,2,4,1,4,96,124432.51,4.36
41,17,10,0,3,4,3,12,55,90595.48,8.49
37,14,11,2,3,3,2,8,11,74930.67,3.64
55,29,23,1,1,2,3,4,24,96777.88,8.32
23,0,0,1,3,5,3,7,88,77692.68,11.97
56,33,26,3,2,3,5,2,15,119256.12,14.57
49,27,21,2,3,2,2,11,50,87615.84,8.08
27,3,0,1,2,3,4,6,79,67466.76,13.82
30,5,1,1,4,2,3,0,98,67010.52,11.21
41,18,13,1,4,4,4,14,86,107565.74,13.8
22,0,0,1,4,2,3,14,71,53482.25,12.98
29,5,3,1,0,4,1,11,52,99343.42,5.4
44,20,15,1,4,4,5,4,51,117512.18,9.19
24,2,0,0,2,4,2,1,66,79205.09,7.89
25,0,0,1,1,3,3,7,23,59690.89,12.17
46,22,16,1,3,4,4,11,85,94530.04,10.3
59,34,29,3,4,2,2,5,13,125760.05,8.81
36,13,12,2,0,1,3,4,21,80455.19,9.63
42,17,15,1,0,4,4,13,97,114558.95,9.78
56,34,28,0,2,2,5,2,99,92237.86,13.2
35,13,8,1,1,1,4,13,30,62444.74,12.27
57,32,28,1,4,1,3,12,84,106820.28,12.99
33,7,0,1,4,1,4,0,57,60136.04,13.65
38,16,12,2,0,3,4,13,68,113161.97,13.22
30,8,6,2,2,3,4,9,18,70515.51,11.89
56,31,30,2,0,1,4,14,52,103764.78,12.54
34,12,7,1,0,4,2,9,84,105897.15,7.95
36,10,3,3,1,2,2,9,1,83432.06,7.51
39,13,8,3,2,3,4,13,52,93057.41,14.68
54,28,25,1,1,2,5,10,66,94459.21,11.69
27,4,4,1,2,3,3,9,46,70620.9,10.38
48,22,18,1,4,2,5,11,52,86055.01,16.45
44,18,13,1,3,2,5,14,56,66929.63,15
48,25,20,2,3,4,5,7,93,103900.98,18.93
55,31,25,1,2,1,5,10,97,92128.02,15.25
59,37,31,1,3,5,4,4,24,127570.19,8.38
35,9,4,1,0,3,4,8,34,94557.77,9.92
57,35,34,1,4,2,4,10,28,111191.92,11.17
29,4,4,2,4,3,1,14,75,82873.7,8.92
56,34,29,1,3,1,2,6,86,84034.64,9.03
40,17,15,2,2,2,2,0,91,89112.82,7.3
51,29,25,1,0,5,1,10,16,153571.18,1.56
35,13,10,1,2,1,2,12,79,61087.32,10.14
41,19,13,1,3,3,5,0,48,84282.94,11.61
46,22,20,2,4,2,4,6,55,100416.95,11.59
45,21,17,0,4,3,3,10,72,91625.66,13.36
35,10,3,1,2,1,4,6,2,52269.08,11.63
47,24,18,1,1,2,3,8,21,93962.53,8.36
59,37,36,1,2,5,2,1,94,137033.74,7.65
44,22,16,3,1,1,4,6,13,95174.41,13.02
43,21,21,1,2,3,3,1,2,92406.13,6.82
40,18,18,1,1,3,4,13,37,88664.54,11.06
24,0,0,1,1,3,3,9,86,71138.44,10.72
40,15,13,2,1,3,3,11,20,94060.06,11.49
30,4,1,1,1,2,4,9,50,59876.71,13.26
49,26,25,2,0,1,2,1,23,105192.39,6.97
41,19,15,2,1,4,5,4,95,109538.26,15.19
28,3,0,1,1,4,2,8,44,83828.51,8.4
35,9,8,1,4,1,3,8,68,54237.28,14.86
30,5,5,1,0,2,5,9,96,72224.29,14.39
40,16,11,2,1,3,5,0,43,90445.13,11.33
35,9,4,0,3,5,3,10,46,80866.14,6.99
59,34,31,1,0,5,2,13,56,167432.18,6.2
57,33,32,2,4,4,4,6,18,146673.43,10.35
38,13,9,1,2,1,1,9,33,56012.73,7.75
51,26,23,1,4,4,3,13,2,120138.31,7.65
30,4,0,1,4,4,4,9,38,89679.93,12
54,30,24,1,0,2,3,11,91,111281.45,12.08
46,24,17,1,0,2,2,13,74,108963.25,11.73
35,12,10,1,3,2,3,2,59,57323.45,8.4
32,6,1,3,3,3,5,9,9,72668.01,14.54
56,32,28,1,0,2,4,9,39,126786.61,12.32
35,10,9,2,0,1,4,0,1,75339.68,10.64
51,27,24,2,0,1,3,1,44,105613.36,9.8
25,2,0,0,2,2,2,5,26,48677.29,9.65
25,2,0,2,4,2,3,13,52,61058.97,11.78
49,27,24,0,3,3,3,9,8,91541.21,7.68
29,7,4,3,3,1,3,1,0,56338.48,7.88
23,0,0,2,1,4,3,1,32,88796.43,8.04
43,17,13,1,2,4,4,3,37,98234.4,9.58
37,11,11,1,0,4,4,2,56,109707.11,11.3
50,25,25,1,0,3,2,7,32,118335.14,5.75
51,29,28,1,2,1,4,14,47,82957.17,14.72
33,8,2,1,3,2,4,7,2,55349.6,9.73
56,34,33,1,0,1,1,5,31,104133.53,4.53
32,9,4,2,1,5,2,3,76,109707.35,5.79
42,16,13,1,3,2,4,6,20,68944.58,12.04
42,16,12,2,4,3,3,8,67,106737.37,8.79
26,3,0,2,2,3,2,12,16,68504.62,12.19
41,16,14,1,3,4,1,1,41,90564.75,4.01
58,33,31,2,4,3,2,5,67,125692.3,5.5
24,0,0,1,1,3,5,6,83,62969.15,13.63
54,32,32,0,2,2,4,0,11,88529.38,10.17
30,5,3,2,0,3,3,5,89,104552.82,8.32
30,7,5,1,0,1,5,7,44,64949.12,14.88
25,0,0,1,4,4,4,12,35,78113.72,10.6
56,30,25,2,3,2,4,6,79,88221.72,13.32
38,16,10,3,1,1,3,1,50,73570.95,12.24
55,31,31,2,4,4,3,13,6,132514.21,9.31
45,23,17,2,1,2,2,1,32,90053.61,8.2
53,27,20,0,1,4,3,12,47,109330.94,10.1
22,0,0,1,1,4,1,3,65,82063.41,4.64
29,3,0,2,2,4,3,14,32,89074.62,9.38
44,18,16,1,4,1,2,4,77,69629.03,6.33
33,10,7,1,2,1,3,4,83,53529.41,11.42
33,9,2,1,3,4,4,13,26,81476.26,10.6
36,10,4,2,3,4,3,14,46,85124.44,8.62
40,14,8,1,0,2,4,10,84,89002.09,13.69
47,22,19,2,0,2,4,1,65,105716.52,13.93
50,26,23,1,0,1,3,6,42,101342.22,11.1
43,21,16,0,3,5,3,7,79,104864.03,10.6
42,18,17,1,1,1,5,13,18,72891.52,13.53
59,35,32,1,1,1,2,1,67,93098.87,8.44
41,17,11,2,4,3,4,3,9,97893.65,10.05
50,24,20,0,3,1,4,14,21,67984,13.43
25,0,0,1,0,4,3,11,75,92353.3,9.28
28,5,0,1,3,1,3,10,65,43328.6,15.17
49,27,22,1,1,1,3,10,1,86347.94,9.85
49,24,23,0,1,2,4,2,97,85109.21,13.8
25,1,0,0,2,2,4,3,17,46967.7,12.69
43,21,18,3,2,1,5,4,79,90596.55,12.03
33,11,4,2,4,2,3,5,18,86337.48,9.47
24,1,0,1,3,2,3,1,88,53673.15,12.24
43,18,12,1,2,4,1,9,29,106709.37,4.44
23,0,0,1,2,1,5,5,5,33316.43,13.9
45,20,18,1,3,5,3,8,26,105679.04,6.19
55,32,30,2,1,3,3,11,14,122996.27,9.02
48,22,21,2,4,1,5,11,30,83515.63,14.04
22,0,0,1,4,1,3,10,43,57502.4,11.48
29,5,0,2,4,2,3,7,85,72568.98,12.27
44,18,13,1,2,1,2,14,75,64539.74,7.04
59,36,35,1,1,2,3,14,9,108450.98,9.03
27,2,0,0,4,1,5,13,20,44602.63,13.9
43,21,17,1,3,3,3,0,46,85244.8,6.73
46,22,22,3,4,3,3,8,54,115389.29,8.28
39,13,12,1,0,1,1,11,94,75740.61,8.5
38,12,9,0,1,2,3,10,35,67134.14,8.19
33,11,6,3,0,3,3,9,73,108669.39,9.74
27,2,1,2,1,1,1,10,57,51167.66,9.66
47,24,20,2,3,4,4,1,18,98887.11,11.35
48,23,22,3,2,3,3,14,86,104152.57,12.51
29,4,0,1,2,5,4,11,63,88148.25,14.03
40,15,14,2,1,1,1,10,9,61967.15,6.39
22,0,0,2,4,5,4,0,48,103286.33,14.25
50,28,25,2,0,3,3,5,53,127568.09,7.74
56,33,26,2,3,3,3,12,60,102721.33,7.81
35,10,10,1,4,2,5,0,58,72232.2,13.88
56,34,28,2,2,1,2,14,90,91251.53,12.54
41,18,15,1,4,4,3,5,1,109766.34,4.15
34,11,7,1,0,3,3,1,74,96392.22,8.76
59,34,29,1,2,1,3,11,7,86657.52,12.54
29,5,0,3,1,1,3,10,18,58834.73,13.65
41,16,14,1,3,1,2,6,79,54876.31,7.06
54,30,27,1,3,3,4,6,67,98435.48,8.37
47,24,23,1,2,3,4,11,13,95692.58,13.05
42,20,20,3,1,2,4,3,21,97671.42,9.66
30,4,3,1,0,2,2,1,16,67846.92,7.5
45,22,21,2,3,2,3,11,62,79537.88,12.36
58,36,33,2,2,2,4,10,25,112470.78,11.78
38,15,8,1,3,1,2,6,98,52622.6,8.82
45,20,20,1,1,2,4,0,35,93912.34,12.29
42,18,16,2,0,1,2,11,44,89042.93,6.19
34,11,5,3,1,4,3,10,29,108315.75,10.98
32,10,9,2,4,3,4,10,20,87994.7,10.58
40,15,15,1,1,5,4,1,19,116101.11,6.79
32,6,4,2,1,2,4,11,41,76654.85,12.28
34,9,3,1,3,4,4,14,89,76056.34,14.49
22,0,0,1,1,3,4,1,55,62984.2,9.85
40,15,15,2,2,2,3,0,11,79503.62,8.43
33,7,1,1,3,1,5,8,7,42040.3,15.34
29,7,4,2,3,3,4,5,98,69440.82,12.27
29,6,0,1,4,4,4,2,92,95913.55,10.74
33,9,4,2,2,1,3,11,62,66096.22,10.66
54,28,23,1,1,1,5,5,55,88522.44,16.55
47,23,22,1,4,3,3,6,6,102961.81,9.2
49,24,23,2,2,5,1,2,61,125300.28,5.26
26,2,0,0,4,3,2,14,60,65733.49,13.23
29,3,3,1,0,2,2,3,9,68885.29,4.99
46,23,18,3,1,2,3,9,49,105036.23,10.95
48,25,24,1,4,2,4,0,19,93761.37,9.64
44,20,18,3,0,4,4,5,27,149214.86,12.1
51,29,28,1,1,3,2,14,13,106337.27,5.07
44,20,15,1,4,3,4,5,75,98361.44,11.61
41,16,12,2,4,2,3,8,7,85888.62,9.14
39,16,9,2,4,4,3,1,6,124782.61,7.98
39,16,11,1,4,3,3,4,4,102413.1,6.74
23,0,0,1,3,5,4,4,0,74578.53,11.19
25,3,3,2,4,3,3,6,72,79439.88,10.77
51,29,27,1,3,4,2,4,81,103800.9,6.13
54,28,24,1,3,4,3,11,9,101212.3,8.97
57,33,29,1,0,2,4,13,57,124319.4,12.7
39,15,14,1,1,5,4,9,64,115460.99,11.35
58,33,32,1,3,1,2,3,59,79313.63,6.49
40,17,12,1,2,3,2,11,19,90990.7,6.8
49,27,24,1,3,5,4,14,57,113267.37,12.77
41,16,9,0,2,2,4,9,42,71907,13.47
54,29,27,0,0,3,3,11,28,120971.44,9.53
33,11,6,2,2,3,4,14,1,91567.73,10.81
36,12,9,1,0,3,5,13,25,98355.54,12.29
23,0,0,2,0,4,3,1,74,97067.01,9.24
50,26,19,2,0,3,3,7,88,132469.36,9.75
31,6,0,0,2,4,1,4,97,80058.68,5.81
23,0,0,2,2,2,4,12,58,57872.33,14.51
32,6,5,0,0,1,3,3,0,45364,7.02
34,9,8,2,0,2,2,8,30,92160.02,8.86
31,7,0,3,1,3,4,1,37,94469.63,12.52
35,11,6,1,0,1,4,2,21,64514.17,12.21
39,15,8,2,4,3,2,14,65,102021.39,10.33
30,8,7,1,1,2,1,7,46,64909.47,7.4
49,24,24,1,1,3,3,10,0,105113.34,7.04
24,1,0,2,1,1,4,3,87,54962.25,15.34
41,17,13,1,4,3,4,8,49,96577.52,11.58
27,3,0,1,1,3,3,9,35,74346.29,7.69
48,26,21,1,1,4,3,12,44,112363.23,9.24
23,0,0,2,2,3,4,11,35,66080.52,11.68
50,25,24,1,2,3,3,9,33,102698.77,6.81
59,33,29,3,0,4,4,9,8,158635.72,9.87
24,2,0,0,0,3,3,9,75,69796.05,10.5
37,12,11,1,3,2,4,8,83,59584.65,11.69
51,25,18,2,4,4,3,9,3,124096.01,5.83
23,0,0,1,2,3,3,8,78,67467.77,14.44
38,14,10,2,0,2,2,0,62,99261.12,5.79
33,10,7,1,4,3,4,5,3,82905.69,8.82
56,30,30,0,1,4,3,9,4,113571.63,8.24
22,0,0,1,4,5,3,13,9,95155.92,10.8
36,12,6,3,2,5,5,12,43,110503.69,11.44
47,24,17,1,3,2,5,5,39,79749.77,12.48
58,33,29,2,2,2,5,13,35,105013.84,15.25
42,18,13,1,0,1,2,7,34,78830.4,8.63
52,30,29,1,0,1,4,6,58,105898.8,12.91
46,24,18,1,4,4,3,6,64,116787.77,7.13
44,19,15,3,2,2,1,14,81,89103.92,7.92
45,19,19,2,0,3,3,1,30,111219.29,7.84
59,36,32,2,1,3,3,12,45,121483.49,9.88
49,27,21,0,1,3,2,11,48,97873.9,7.92
42,20,19,1,3,1,3,10,5,59296.92,8.03
39,14,11,1,4,2,4,3,69,76011.75,13.03
57,31,29,3,0,2,3,0,18,130104.34,6.75
56,30,27,1,3,2,3,11,95,84661.46,12.23
30,5,4,1,1,5,3,10,41,92293.09,7.08
59,37,31,1,3,4,5,10,29,117035.61,11.74
51,28,27,1,3,2,1,12,25,77295.31,4.14
55,33,26,1,0,4,3,6,2,139828.1,6.81
53,27,27,2,0,2,3,3,32,121490.87,10.06
24,2,0,1,0,3,4,8,49,75427.28,14.6
24,1,0,2,4,1,2,5,30,54524.76,9.49
49,25,21,2,3,3,3,5,83,91940.02,8.5
36,14,11,1,3,2,3,8,67,61182.73,11.77
44,19,13,1,4,1,4,12,95,70095.32,14.97
32,8,6,0,1,2,3,7,81,62521.52,10.14
53,28,26,3,2,2,4,5,9,100002.46,10.09
57,32,32,1,1,3,2,12,21,119381.12,7.25
54,29,28,1,4,1,5,5,62,84430.41,14.14
45,23,23,1,3,3,3,5,53,91086,10.24
55,29,25,1,3,3,4,3,50,86854.75,9.13
49,25,20,1,0,3,3,4,80,121486.44,8.65
58,35,30,1,0,3,3,2,3,132017.92,6.67
28,2,0,2,3,1,3,8,36,38788.87,10.08
25,3,2,2,3,3,4,13,70,65534.86,14.1
58,33,33,1,0,4,5,14,62,150884.05,14.68
22,0,0,1,0,3,3,10,50,76150.03,11.71
22,0,0,2,1,3,4,1,7,72824.08,14.31
41,15,12,0,3,3,2,10,0,71667.56,7.09
40,14,10,2,3,2,5,6,7,71797.88,14.43
50,27,22,1,4,3,3,0,82,119786.87,9.15
31,9,3,2,1,4,3,9,80,95521.44,9.48
39,15,13,1,2,1,3,11,54,64042.93,9.1
49,26,19,1,2,4,4,6,8,109921.75,9.5
56,31,31,2,2,1,4,1,50,90060.96,12.48
52,28,24,1,0,2,3,4,15,114687.85,9.71
48,22,18,1,2,4,3,0,52,107087.78,6.81
32,9,7,1,4,4,1,4,58,93992.02,5.81
59,33,26,2,0,4,3,10,44,155156.43,7.44
26,0,0,1,0,4,3,3,36,92473.12,9.22
29,3,1,2,2,2,3,0,90,64621.82,12.63
55,33,28,1,0,3,3,11,65,139226.16,11.35
33,7,0,1,1,2,4,13,63,72669.87,15.79
59,34,29,2,1,2,4,0,35,112010.09,11.25
22,0,0,0,2,2,3,6,75,42358.19,11.72
52,28,26,1,4,3,4,12,49,115779.97,13.73
25,0,0,0,0,2,1,2,98,50195.32,7.89
26,0,0,1,3,4,4,9,94,73617.4,13.6
51,28,21,2,2,3,2,11,52,107131.66,10.96
45,23,21,1,0,1,4,8,56,93656.61,8.42
24,0,0,1,2,3,3,8,18,64848.98,10.84
32,6,2,1,2,2,3,13,25,61728.67,11.03
25,2,1,1,4,2,4,11,99,54259.32,14.67
47,25,19,1,3,4,1,9,67,96344.85,5.94
48,24,23,3,0,2,3,10,42,116636.13,10.91
48,24,22,2,2,4,4,8,94,113528.48,12.03
27,1,0,1,2,3,4,0,57,65427.75,11.52
36,12,6,0,0,3,3,11,76,87807.67,10.88
51,28,27,3,2,3,3,3,58,116812.11,8.75
58,34,32,1,2,1,3,0,45,88934.15,9.14
58,33,29,1,2,1,4,0,67,90373.36,9.59
58,35,33,2,1,1,3,13,39,95559.59,10.61
56,34,29,1,1,2,4,8,12,109123.67,9.06
44,22,18,1,3,1,3,4,8,70139.6,8.94
27,1,0,3,4,5,1,0,65,109055.19,4.49
25,0,0,2,0,2,3,10,98,75702.55,11.62
39,14,7,1,4,3,3,2,52,92283.43,6.41
30,8,7,1,4,2,4,6,75,68592.53,10.7
50,28,26,1,1,2,3,13,80,97843.65,13.31
34,12,5,2,3,2,5,1,3,72485.28,13.76
38,16,9,1,4,3,3,3,13,101803.26,6.98
53,29,29,0,4,2,3,1,84,90694.22,7.25
43,20,13,3,2,2,1,8,7,88241,5.49
25,2,1,1,0,3,4,11,96,80099.35,16.69
26,1,0,0,3,3,4,8,61,50720.92,13.01
58,34,31,1,0,1,2,11,44,109858.86,6.96
34,12,6,1,1,3,5,13,91,84445.94,17.83
55,33,28,1,4,3,3,14,66,120420.62,10.38
43,17,16,3,4,3,4,12,61,118030.09,12.23
44,18,14,2,0,2,4,14,77,104800.45,15.8
24,0,0,1,1,2,4,12,82,57859.51,15.38
55,33,26,1,2,1,5,12,69,84807.59,17.4
53,28,26,1,2,5,4,6,35,126208.69,9.04
42,18,18,1,4,2,5,13,83,85524.48,15.34
42,19,15,0,4,5,2,6,0,119569.08,3.49
32,10,4,3,3,2,3,1,59,68203.08,10.17
25,1,0,1,0,1,4,11,73,55418.69,15.06
22,0,0,1,4,2,4,9,12,63340.71,11.3
49,23,19,1,1,1,3,11,11,80561.76,7.43
45,20,14,1,0,4,2,7,74,124889.91,8.3
56,30,30,0,3,4,4,0,99,98930.12,10.85
34,11,4,1,2,3,5,7,16,83438.33,11.45
55,29,26,1,3,3,3,4,46,95025.93,10.07
32,10,5,2,0,3,3,12,52,103759.77,10.78
57,31,24,1,2,5,1,3,92,131787.45,5.71
38,16,15,1,1,2,3,9,66,76028.17,10.67
56,33,27,1,2,3,4,1,92,116615.88,8.95
39,13,9,2,2,3,5,2,9,97199.31,13.16
43,18,11,1,1,5,2,12,45,116271.69,7.52
45,20,19,1,4,4,3,12,82,114284.81,8.47
40,15,9,1,4,5,4,9,3,117576.4,8.11
58,32,31,2,2,3,3,12,56,112431.05,11.54
42,16,12,1,2,1,3,1,37,65915.9,11.34
29,3,0,1,3,2,4,10,11,48606.12,12.93
49,27,21,0,4,3,4,11,30,102563.17,11.84
26,3,2,0,1,3,3,3,1,67284.91,9.2
38,13,11,1,2,1,4,2,0,56051.25,12.33
58,36,35,1,2,2,3,4,80,101209.17,10.66
57,32,27,2,3,1,3,6,24,80150.69,10.91
40,18,14,2,3,4,2,8,4,96772.57,4.59
48,22,22,1,3,1,3,4,47,64852.15,9.8
55,30,29,1,0,3,1,7,13,120203.32,5.17
32,6,3,1,1,2,3,1,51,65142.99,8.27
33,8,6,0,0,2,4,5,73,66354.23,9.63
42,18,16,2,2,4,4,7,20,112243.11,9.91
32,10,10,3,3,1,2,8,24,52461.29,6.2
49,25,18,1,3,1,3,10,98,69703.36,14.67
26,4,0,1,3,1,3,3,66,44295.97,11.69
38,15,15,1,4,2,3,3,81,76306.64,11.72
41,16,11,2,1,3,3,6,49,95885.34,8.15
33,10,9,2,0,2,4,12,99,87838.54,13.62
27,4,0,2,1,3,1,3,32,78398.56,7.24
38,16,13,2,3,1,3,4,16,63706.74,11.59
40,16,14,1,2,4,2,14,69,98449.37,8.88
47,21,21,2,4,4,2,14,33,125627.86,6.68
53,31,28,2,1,5,5,1,25,144819.16,11.63
27,1,0,1,2,4,3,1,41,76890.24,7.29
57,34,30,1,3,2,3,10,30,89160.47,11.72
59,33,31,2,3,2,4,13,50,94765.95,14.66
32,8,6,1,3,3,1,9,91,73094.24,6.09
54,32,27,2,3,1,3,4,35,82156.5,9.73
45,21,17,2,4,2,4,11,12,91776.62,10.83
44,20,18,2,4,1,4,9,84,87552.6,14.59
36,14,10,2,1,2,3,9,89,90302.67,12.47
48,24,22,1,3,3,3,12,94,89513.63,8.85
32,7,6,2,4,1,4,14,79,70727.74,15.48
38,13,8,1,2,1,3,1,94,59918.3,10.64
35,10,6,1,4,3,2,11,12,98485.72,5.17
48,22,19,0,4,1,3,5,93,67332.49,11.94
39,15,8,1,1,5,3,11,31,112897.35,10.54
49,27,26,1,4,1,2,14,4,90191.34,8.62
25,3,0,3,2,3,3,5,11,76419.08,12.16
28,2,0,1,3,2,4,11,58,53321.5,15.3
56,34,29,1,0,1,3,7,40,110616.09,11.42
30,5,3,1,1,2,2,14,36,61637.78,9.51
29,5,0,0,2,2,3,11,67,55308.11,11.81
38,16,13,2,1,4,4,0,47,109796.18,8.5
38,16,15,1,3,3,2,6,42,79559.02,11.67
54,31,25,2,4,1,2,11,92,99296.54,11.25
53,30,24,2,4,1,3,14,40,89415.26,11.96
29,6,2,1,2,2,2,6,55,64082.83,9.68
40,16,16,2,3,1,5,8,68,61828.51,12.33
59,34,31,1,0,2,3,3,10,118285.41,8.86
24,0,0,1,0,5,3,14,93,102926.09,14.05
26,1,0,2,4,2,4,6,8,64799.3,14.12
34,10,7,2,3,3,3,11,27,69743.56,10.5
52,28,25,1,3,3,2,12,21,89629.99,5.92
37,14,10,0,2,4,3,5,74,88863.22,10
53,31,29,0,0,1,4,3,84,95241.91,10.55
43,17,16,1,2,3,2,9,5,84327.44,8.71
50,24,23,3,1,4,3,11,25,121846.94,10.56
43,21,20,1,3,1,3,7,15,60424.72,8.85
24,1,0,1,0,2,3,2,13,66339.94,11.04
31,9,4,2,2,5,4,7,34,102518.63,9.56
42,20,14,1,4,3,4,12,41,105512.57,11.78
37,11,9,1,1,2,4,4,52,76148.48,12.31
33,10,10,3,2,3,4,3,99,95926.65,12.59
23,0,0,2,4,2,5,2,21,66673.06,13.33
45,19,12,2,0,2,2,14,52,104868.08,8.76
56,32,32,1,0,2,2,13,65,124785.94,10.93
51,28,26,2,1,2,3,11,12,98127.11,9.86
51,29,24,1,4,3,3,9,10,118655.59,9.97
56,31,29,1,3,3,3,6,11,99702.4,7.07
40,15,11,3,0,4,3,12,96,130477.38,10.22
29,6,0,1,3,1,2,6,85,46996.91,12.7
47,22,21,2,3,4,3,12,52,99164.72,8.35
28,4,0,1,2,2,5,5,8,58099.97,12.54
51,26,22,0,2,2,3,2,70,84992.74,10.12
28,5,4,2,0,4,1,8,16,107924.41,7.32
24,1,0,1,3,2,4,13,60,43300.27,15.02
22,0,0,2,2,1,3,10,9,44597.97,10.05
57,32,25,0,4,1,3,14,37,89427.82,9.49
46,21,18,3,4,2,3,1,38,105071.97,9.3
58,36,33,1,4,3,4,2,88,129877.65,12.34
22,0,0,1,4,5,4,13,90,95652.56,12.15
36,13,11,1,3,3,3,0,93,77292.35,8.05
58,36,36,3,4,4,3,6,29,151021.47,8.58
34,11,4,2,3,3,3,1,33,78988.28,9.22
29,7,1,2,0,4,2,9,32,109135.1,6.62
26,0,0,1,0,1,5,7,31,45231.54,11.45
30,8,2,1,4,4,4,8,11,106547.7,9.32
22,0,0,1,4,2,1,11,86,59846.63,13.59
57,32,29,1,4,4,4,10,92,125618.17,11.53
56,33,30,1,0,1,3,13,64,110531.24,13.66
23,0,0,3,2,3,5,1,83,75675.27,13.62
44,20,18,2,0,3,4,5,9,122438.35,10.09
30,6,4,1,4,5,2,10,18,107276.14,7.45
55,31,27,1,2,3,4,14,22,104923.31,11.2
35,9,4,2,2,2,3,0,84,74271.39,8.33
25,0,0,1,1,3,2,7,56,64348.97,9.24
51,26,19,1,3,2,4,4,98,77155.09,13.84
52,29,24,1,4,1,3,8,58,89418.24,13.83
59,37,34,1,3,1,1,2,95,80195.67,5.38
32,9,9,2,1,1,4,1,53,64504.44,12.28
56,33,28,1,3,2,4,6,73,95916.13,10.92
29,6,5,0,4,4,2,10,1,81463.41,5.74
24,1,0,1,1,4,3,6,99,85999.42,10.18
35,10,6,2,3,1,3,12,47,52364.31,10.61
34,12,7,1,0,1,2,9,5,67419.18,10.08
53,30,29,1,2,1,4,14,42,79262.3,13.29
55,30,25,3,1,2,1,4,16,113371.85,3.61
40,17,17,3,0,1,2,6,78,86485.97,9.89
59,35,35,3,4,2,2,11,35,123484.16,10.07
37,14,9,2,2,3,3,5,23,93513.64,8.84
23,0,0,1,1,3,4,8,60,73254.58,13.73
38,12,5,1,2,2,3,11,28,65739.31,12.73
55,31,30,1,1,2,3,2,77,100283.11,11.3
37,15,11,1,1,3,4,3,57,88932.37,12.71
59,36,35,3,3,4,2,8,65,118246.8,8.86
23,1,0,2,2,2,3,9,85,57194.2,14.46
23,0,0,2,2,1,1,13,52,44138.93,8.79
47,24,20,1,0,2,1,12,69,106898.03,8.79
34,8,6,3,4,1,3,14,8,71380.22,13.51
52,27,24,2,0,2,2,7,75,117294.76,9.55
55,29,23,1,3,1,3,9,41,72807.33,9.9
24,0,0,2,1,2,4,5,38,66245.59,14.88
29,4,4,1,3,1,2,11,68,41576.05,8.69
44,19,17,0,3,3,4,2,39,79452.91,12.94
35,10,7,2,0,1,4,11,58,76312.59,14.08
48,25,20,2,1,3,3,8,43,111111.02,7.23
50,28,24,0,4,1,3,8,64,86685.24,11.33
22,0,0,1,3,1,3,10,73,35502.49,15.28
38,13,12,3,4,4,2,5,10,112267.76,7.82
51,25,24,2,1,3,5,1,90,110381.88,13.52
34,10,3,2,1,1,3,6,86,70009.82,12.01
42,17,13,1,0,3,4,14,83,107359.51,14.91
40,14,7,0,2,3,4,8,4,75983.09,6.53
40,14,9,1,0,2,2,8,76,83669.07,8.18
46,23,19,1,4,2,3,2,73,87583.29,8.67
43,20,19,1,0,4,2,1,48,121577.84,7.07
52,30,27,1,1,1,4,11,50,89201.63,11.62
38,16,9,1,3,2,4,4,35,66342.58,9.66
44,20,13,1,2,2,3,10,15,81594.4,8.64
53,29,29,2,1,3,2,9,6,112851.75,5.64
31,7,6,1,3,4,2,12,95,79565.55,10.65
31,7,2,1,4,4,4,6,88,97135.39,10.74
57,31,24,0,4,3,5,2,43,110513.75,12.25
29,3,0,1,4,5,2,11,25,94346,6.9
41,19,16,0,0,3,1,3,35,104076.03,4.14
53,30,27,3,4,3,3,9,52,121941.42,10.18
35,12,10,2,4,5,1,1,91,115225.84,2.29
49,24,22,1,0,1,4,11,43,88993.53,10.96
45,19,13,0,3,3,3,11,11,73077.78,6.5
36,12,9,1,1,3,4,10,89,90179.66,14.37
43,19,12,2,2,4,3,13,67,106573.1,12.51
51,26,21,1,4,4,3,14,22,125947.42,8.25
25,2,0,1,4,4,3,13,87,76954.79,12.95
34,10,5,2,4,4,4,9,94,97505.19,11.47
44,21,19,2,0,2,4,12,29,103265.79,12.7
29,4,3,2,0,1,3,11,62,64231.74,11.36
39,16,9,2,0,1,3,12,2,78106.07,9.49
33,10,4,3,2,2,1,1,79,79278.55,7.84
52,29,27,1,1,2,2,6,33,103893.4,7.87
35,11,7,1,4,2,4,1,91,71762.74,10.77
55,33,33,2,3,2,3,0,48,93886.02,11.61
39,13,7,2,4,4,3,3,43,108573.53,10.96
55,32,30,3,4,2,4,14,40,118969.49,13.51
32,9,4,0,4,4,3,13,47,92162.11,10.09
33,10,4,1,4,4,3,5,70,98736.76,12.43
36,14,7,1,1,2,2,9,7,75270.1,8.01
52,27,22,1,3,2,4,9,6,81655.91,8.64
50,26,23,1,0,3,3,3,36,125868.85,8.24
47,25,22,2,3,3,2,0,54,95977.78,6.3
39,16,13,0,4,2,4,0,70,69279.03,10.04
53,31,25,2,3,1,3,8,49,78163.04,11.67
43,21,21,2,4,2,4,0,81,99579.35,11.11
59,37,33,1,3,1,5,6,20,92502.37,14.25
38,13,6,1,2,2,4,10,33,68286.29,10.72
44,18,12,2,3,2,4,11,48,69705.51,11.03
45,21,20,2,0,3,2,11,26,130655.29,9.72
29,4,0,2,0,5,3,11,7,124276.99,8.94
27,2,0,2,3,3,4,14,33,68683.59,14.82
26,0,0,3,3,4,3,13,17,77724.6,9.56
50,25,19,1,1,3,3,6,50,104296.77,8.83
49,27,21,3,3,3,4,0,11,101090.68,10.51
32,10,6,2,0,2,2,0,85,90899.63,7.19
22,0,0,2,2,2,2,5,50,62708.57,10.32
40,15,9,0,0,4,4,7,62,110575.27,12.22
30,7,4,3,1,4,4,6,39,104600.16,11.3
48,24,20,1,3,2,4,5,21,82082.93,9.66
55,33,32,2,2,1,4,9,7,97140.71,10.78
25,1,0,1,0,3,4,2,27,81454.53,9.91
57,31,30,1,2,2,4,13,49,93682.18,11.32
39,17,15,1,4,1,2,11,46,69192.53,10.46
36,12,11,1,0,4,4,10,55,103617.8,9.72
34,8,5,1,4,2,2,6,31,71970.01,6.89
40,16,14,2,2,3,3,5,10,92580.07,8.4
27,1,0,0,3,4,3,7,20,67652.49,8.31
33,7,2,1,3,2,3,3,25,57227.64,7.42
58,36,33,1,3,2,3,8,13,91548.76,10.72
38,15,13,1,4,2,2,14,78,79339.03,9.15
44,18,17,1,3,2,3,0,13,70874.56,7.86
47,21,16,1,1,3,1,11,75,99509.61,6.31
50,28,28,1,0,2,3,12,99,119936.05,11.31
54,31,31,2,0,1,4,6,2,109325.11,9.07
48,23,16,1,2,1,4,8,56,75473.98,12.64
46,21,21,1,4,2,4,9,6,97691.03,8.74
31,8,8,1,0,2,3,13,38,76376.59,10.94
44,20,16,3,4,3,4,0,56,113061.54,10.44
42,20,20,1,2,2,3,9,64,75681.16,9.18
42,19,17,1,3,1,2,2,24,59549.77,5.35
34,9,3,1,2,2,4,6,30,66510.88,7.45
58,32,32,1,1,4,4,8,85,132496.63,12.66
54,29,26,0,3,1,4,13,9,63752.45,11.56
45,19,13,0,3,3,4,0,81,73023.38,10.67
32,10,10,1,3,3,2,5,76,63293.31,8.66
38,12,6,1,2,3,4,10,71,87600.15,14.57
25,2,1,1,1,1,4,13,8,46644.52,12.07
46,20,18,2,4,4,4,1,78,118929.94,9.78
51,27,25,3,2,3,4,4,7,106697.74,10.87
30,7,0,1,0,4,3,14,96,102916.02,13.82
42,20,14,2,0,1,2,13,98,88991.68,11.6
41,18,11,3,2,3,2,6,18,93885.69,4.1
40,16,11,2,4,3,2,13,29,100641.27,4.9
40,18,14,1,0,2,3,6,8,99935.92,8.32
33,8,5,2,4,2,3,9,82,75556.64,13.19
58,34,28,1,3,3,5,6,46,104300.2,14.73
38,16,14,1,2,1,4,11,45,69565.68,10.22
58,32,25,1,3,3,4,3,89,96837.44,12.27
49,26,25,1,0,1,1,11,0,93888.89,6.7
56,34,34,1,4,1,3,5,2,100806.15,7.9
39,16,14,1,3,3,4,10,33,80827,11.27
35,9,8,2,0,1,2,9,24,78418.21,8.26
56,34,34,1,1,5,4,5,29,148074.18,7.18
28,3,0,1,3,4,5,6,0,68480.92,11.16
34,10,8,1,1,3,3,8,17,87818.66,11.47
39,17,10,1,1,4,4,5,32,106558.29,10.03
58,32,30,1,0,4,2,11,8,143649.39,4.46
34,12,6,3,2,2,4,9,6,76402.08,9.79
57,34,28,0,4,4,1,0,29,126846.55,5.21
52,30,29,1,0,1,2,7,76,102876.1,8.71
23,0,0,2,3,2,4,1,80,50179.31,12.91
37,15,10,0,4,3,4,2,12,89197.38,9.88
30,6,0,2,2,3,4,11,12,73617.22,11.98
30,8,5,1,0,1,3,4,41,59782.56,8.9
59,36,32,1,2,2,4,5,73,103208.38,12.36
32,10,7,1,3,3,4,6,77,69114.89,10.65
43,18,16,1,0,2,5,11,62,88425.84,13.79
54,28,25,1,3,3,4,3,68,90511.24,13.33
57,35,35,2,4,3,4,2,35,124450.33,8.95
44,22,18,2,4,1,4,8,34,86378.52,11.98
55,31,28,2,2,1,3,3,45,96530.52,13.26
30,5,5,2,2,3,2,8,44,73563.78,2.59
45,19,18,1,4,2,2,8,55,83670.76,11.23
29,6,3,2,1,1,4,10,86,61930.48,15.04
28,6,2,1,4,2,4,11,4,62282.96,11.65
57,31,31,2,0,2,4,13,43,128250.45,13.53
39,16,13,1,3,1,3,2,27,52863.39,8.3
24,0,0,2,4,2,1,2,86,62556.96,6.91
49,24,21,2,4,3,3,12,41,113437.24,10.19
27,1,1,1,3,3,3,13,97,60619.97,13.01
42,19,16,0,3,4,3,10,30,92640.87,8.51
49,24,20,1,0,1,5,12,6,89256.49,13.12
22,0,0,1,3,2,2,7,6,46686.93,9.51
57,32,25,2,2,3,3,0,3,108453.06,8.32
42,17,10,3,4,3,3,5,31,109553.54,6.99
56,31,31,1,3,3,5,5,27,100401.27,9.3
34,10,10,1,0,3,4,8,55,105169.18,10.22
31,8,8,2,3,3,3,1,3,71028.2,5.26
31,5,5,1,4,1,5,13,7,56035.6,15.37
34,8,5,1,1,3,3,7,13,83630.02,7.19
58,35,31,3,3,3,2,6,29,106884.65,8.25
59,36,29,2,2,5,3,1,2,148840.64,5.82
45,22,21,0,4,3,3,0,1,95310.65,7.59
23,0,0,1,0,3,4,3,9,78267.09,10.02
43,21,17,2,4,2,5,1,69,91820.87,11.09
38,12,12,2,1,4,4,2,70,101534.02,9.59
57,35,30,2,0,5,3,13,15,164159.53,4.28
35,10,7,1,1,3,3,14,69,83066.08,8.74
31,6,1,3,1,3,2,1,79,94139.29,10.15
56,30,27,1,2,1,3,13,90,83724.81,12.96
46,21,21,2,3,3,2,8,75,83922.14,7.93
24,1,0,1,2,3,3,3,85,63789.06,10.89
59,37,37,1,2,3,4,0,78,117186.75,8.35
38,15,11,3,2,1,4,7,21,73071.48,13.21
33,8,2,1,0,3,2,3,34,93972.25,6.01
45,23,21,1,3,2,3,13,78,82928.05,12.5
50,27,24,2,3,3,3,9,86,96274.91,11.78
46,20,20,2,0,1,2,10,48,90250.86,9.93
57,34,29,2,2,3,3,10,1,115059.55,7.28
47,22,22,1,2,2,3,7,65,87514.47,10.73
59,37,32,1,1,1,4,7,18,106142.7,11.96
22,0,0,3,1,3,4,8,68,78240.65,13.06
41,19,16,0,4,1,3,13,3,69844.46,10.13
49,23,22,2,1,3,4,11,91,108150.54,11.19
37,15,10,1,3,4,2,9,81,83662.98,8.95
38,13,13,2,0,5,4,6,40,137345.07,10.26
49,23,20,1,2,1,2,3,55,73471.06,10.39
33,9,9,1,4,4,2,11,54,98078.61,10.54
48,26,25,2,1,2,2,11,30,103863.34,8.15
51,29,27,1,4,4,3,13,21,127252.8,9.56
55,32,26,2,0,3,3,1,74,139581.41,9.91
58,32,26,2,0,1,5,5,47,108213.07,13.63
27,3,2,2,4,2,4,14,79,64189.89,11.44
28,3,0,3,4,2,3,3,3,75584.59,8.39
53,30,27,1,4,3,3,14,20,118472.38,8.73
53,29,28,1,2,2,4,14,40,97082.86,12.94
46,20,18,0,3,3,4,5,44,74754.78,12.23
54,30,30,1,1,3,4,7,88,107800.58,12.05
28,6,3,1,1,5,3,2,83,107110.3,9.78
33,11,4,1,1,4,4,0,7,96024.75,10.18
37,14,9,1,4,2,4,4,8,74016.23,9.05
37,11,10,0,4,3,2,11,17,81142.23,4.64
57,31,24,0,4,4,3,14,30,122716.17,8.89
34,10,3,2,2,4,4,2,34,96361.28,7.55
28,5,3,1,2,1,4,5,29,46389.04,14.03
57,31,24,1,2,2,3,14,17,101125.28,11.79
30,8,7,2,2,2,5,2,82,64410.05,16.11
53,29,25,0,0,2,3,0,40,112255.24,5.41
32,7,1,3,2,1,3,8,23,65048.81,11.58
29,7,1,2,2,2,3,4,85,69151.74,12.4
54,31,28,1,2,3,5,12,47,111755.95,14.21
44,18,18,2,1,2,3,14,13,92861.94,9.78
46,24,22,2,1,3,3,12,18,109005.37,5.64
29,4,3,1,1,1,2,1,59,55518.57,8.63
43,18,15,2,3,4,3,1,92,97300.66,11.98
25,2,1,1,0,4,4,10,21,91780.54,14.61
24,2,0,1,4,3,3,13,29,67843.95,10.74
50,26,20,0,2,4,4,8,14,110481.23,9.27
50,28,21,1,1,1,5,11,20,84997.73,12.32
55,30,26,1,0,3,2,0,25,120559.03,5.67
55,32,31,3,2,1,4,9,99,99117.2,14.23
49,26,22,0,3,2,3,2,11,73922.62,6.69
34,10,5,1,4,2,2,11,6,70684.7,5.17
36,13,8,1,2,3,4,12,74,86009.66,14.93
44,21,14,2,4,2,4,12,83,93816.59,13.52
47,24,18,3,2,3,3,9,34,107527.16,9.2
25,2,0,2,3,2,1,10,67,53666.42,9.51
47,24,20,3,0,4,5,6,1,150727.38,10.56
30,5,2,2,4,3,4,13,19,79592.16,8.39
26,4,2,3,4,1,3,0,46,61392.58,11.94
53,27,26,2,0,2,3,1,83,118680.85,10.31
41,18,17,0,4,4,1,13,11,107083.34,5.68
32,6,3,1,1,2,3,5,52,59495.51,9.88
36,10,10,2,0,2,3,8,16,85587.75,10.84
53,28,21,1,3,3,3,11,17,92251.11,10
49,26,26,1,2,2,3,8,23,90394.3,5.9
43,17,10,1,2,2,4,11,71,75678,13.64
38,15,14,3,0,2,3,7,36,110003.32,8.91
47,23,16,0,1,1,3,13,29,71105.82,9.09
28,4,0,2,3,2,3,2,83,62081.19,9.39
47,23,17,2,2,1,3,1,51,77558.23,12.61
46,20,17,3,2,2,3,0,22,86066.97,8.46
31,7,7,3,1,2,4,10,36,87543.56,11.92
40,15,11,2,4,5,3,10,73,125110.25,8.51
32,7,6,1,0,3,1,8,96,90825.28,10.73
34,8,3,1,1,3,1,12,23,73199.38,7.21
29,6,2,1,1,1,3,13,99,53047.75,9.33
25,3,0,2,1,1,2,4,79,56786.27,12.98
52,29,24,2,1,4,3,11,49,123917.51,8.33
49,26,22,2,4,3,3,2,91,117001.08,11.05
32,9,9,1,3,1,4,9,75,47819.16,12.68
22,0,0,1,1,2,5,9,19,49875.74,11.77
59,37,31,1,1,2,3,10,46,116998.35,9.47
45,21,21,0,0,4,4,4,17,107865.29,8.94
52,29,24,1,2,1,4,13,25,74048.33,12.9
47,22,15,1,4,3,5,10,70,105446.52,13.44
26,0,0,2,1,3,3,14,42,69020.43,12.17
41,15,8,1,3,5,4,11,46,98777.16,10.61
32,7,5,1,3,4,5,2,84,74899.83,13.82
54,31,25,3,3,2,3,8,42,97829.84,12.56
59,37,36,1,0,3,3,12,31,134586.6,9.53
48,24,19,0,3,3,5,0,6,81098.43,7.99
55,29,26,1,0,3,4,0,86,125039.4,11.94
36,12,11,1,4,4,3,2,83,111694.95,9.85
53,31,27,1,3,4,4,5,83,105134.98,12.46
42,16,10,0,2,1,3,10,31,49250.3,8.56
26,2,0,1,1,1,2,13,89,50404.48,13.55
27,5,2,1,4,3,3,1,99,77199.45,10.21
59,35,35,1,2,2,3,13,87,103148.96,12.85
43,20,16,2,4,1,4,0,64,81499.59,10.77
39,17,17,1,3,2,3,7,57,64085.77,7.26
35,11,11,3,4,4,4,10,52,118364.21,9.78
31,8,1,1,4,1,3,9,91,53642.61,14.85
34,11,5,1,4,3,3,14,89,81449.15,14.17
52,30,28,2,0,1,3,8,33,110263.48,11.69
51,26,26,0,2,1,3,9,89,72791.71,9.73
24,0,0,0,3,2,4,12,99,45285.88,15
51,29,26,2,1,1,3,11,68,93621.86,12.51
27,4,0,1,3,4,4,0,55,71994.44,11.02
50,27,27,2,3,4,3,2,65,109761.01,8.92
29,7,2,3,0,3,1,13,31,95344.94,5.3
54,29,28,1,0,1,2,4,97,98639.2,7.34
38,12,8,1,4,2,4,6,49,72674.56,10
32,8,5,1,3,1,3,9,93,47610.4,10.22
34,12,6,3,2,2,4,3,23,83849.66,11.16
32,6,1,2,0,2,4,5,91,81782.86,14.81
52,26,20,3,0,3,3,0,45,138960.37,6.69
49,26,20,1,2,1,3,3,2,82608.06,8.23
27,3,0,2,0,2,3,7,9,77640.76,13.3
37,15,11,1,2,4,5,4,5,99241.93,10.63
25,2,0,1,1,2,3,7,97,65498.39,12.13
56,33,32,3,2,4,2,11,94,143505.98,10.95
47,22,15,0,1,5,3,0,51,117372.49,10.1
33,7,1,3,4,2,4,12,49,77426.83,15.08
32,10,6,1,4,2,4,9,57,62667.18,11.32
58,36,30,2,0,3,5,8,51,154903.91,13.64
46,24,19,1,2,1,4,3,12,72890.48,12.53
39,16,12,1,0,2,3,8,58,92978.21,10.16
40,15,11,1,2,3,3,7,38,87533.18,8.96
44,20,20,1,0,2,4,7,52,101455.06,13.85
59,36,36,1,4,1,5,12,57,100796.36,15.28
39,15,8,2,4,3,3,11,19,103612.34,11.98
47,22,22,0,0,3,3,1,62,110593.78,6.13
27,1,0,0,2,1,4,14,95,33998.54,16.57
25,3,0,0,3,2,3,14,9,51004.82,13.87
50,26,25,1,2,1,3,13,25,80472.03,14.41
55,32,27,2,0,2,5,2,18,119444.59,11.46
38,14,8,2,2,3,4,9,92,87887.96,12.66
37,11,11,1,1,3,3,8,60,81923.86,12.65
23,1,0,1,2,3,3,2,76,62908.68,10.2
55,31,26,2,4,1,3,13,33,102842.35,10.58
29,3,0,1,4,1,5,13,83,55297.81,16.81
34,11,4,1,1,1,5,7,43,55122.93,12.53
29,4,0,1,2,2,4,4,17,56592.91,10.08
51,28,24,1,3,1,3,13,97,76147.22,12.59
53,31,27,0,2,2,1,6,71,87532.9,3.89
57,34,27,1,4,1,4,3,15,95702.48,9.65
51,28,26,2,4,3,3,7,86,111289.88,13.11
22,0,0,0,0,3,4,3,95,73686.25,14.19
38,15,14,1,4,3,4,4,76,94824.45,10.51
41,19,18,1,0,1,3,13,25,80688.04,11.11
45,19,19,0,4,4,5,0,64,99831.62,10.98
43,19,17,1,4,5,1,9,65,124035.4,4.13
50,25,20,3,3,1,4,7,76,72087.57,10.4
43,19,12,0,0,3,3,6,26,102118.38,6.65
30,6,1,2,0,4,4,10,3,116935.37,11.01
58,33,32,1,4,2,4,4,50,110549.05,14.92
31,9,6,2,0,2,1,5,83,91344.2,8.27
57,32,28,1,4,2,3,0,2,113632.59,7.12
58,36,30,1,4,2,2,7,86,112231.59,9.91
49,25,25,2,2,2,2,8,65,95925.18,9.47
49,27,24,1,0,4,4,10,15,124862.46,8.88
42,16,15,2,1,3,3,4,73,98124.91,9.78
45,20,18,1,0,1,3,9,27,88898.01,9.59
23,0,0,3,0,3,3,6,43,93253.19,8.92
29,5,0,2,3,3,3,9,17,67205.39,9.67
48,23,22,3,1,1,4,12,1,94522.79,12.29
43,19,14,1,1,2,3,3,77,88049.3,10.69
58,32,32,1,3,4,4,14,43,107782.61,11.48
48,24,17,2,3,3,4,5,19,97718.66,11.66
50,25,24,2,0,1,2,1,55,101858.08,7.92
24,0,0,3,2,1,4,3,22,46132.71,15.01
34,10,4,1,3,2,3,4,59,60588.73,9.95
31,6,1,2,1,2,2,13,70,67132.62,12.28
57,32,28,1,1,2,3,8,44,104987.84,10.29
30,6,0,1,0,3,3,12,46,70669.82,10.77
48,22,15,1,2,1,4,8,77,78257.72,14.23
55,30,28,1,4,1,1,7,36,97090.48,5.58
22,0,0,3,3,2,2,12,7,62356.22,8.49
53,28,24,1,3,1,3,14,4,72215.25,10.67
46,21,20,2,0,4,3,11,22,139293.4,8.8
50,26,20,1,2,1,4,13,9,78703.96,10.88
28,2,0,1,1,3,3,3,26,66065.26,9.53
24,0,0,1,1,2,4,5,98,51754.67,15.32
41,19,13,1,4,2,5,6,0,86225.17,11.52
41,16,9,1,1,3,3,12,70,96000.36,13.1
51,26,20,2,3,2,4,0,7,89135.64,11.35
56,34,27,3,4,3,3,12,10,133783.36,9.08
56,30,26,1,2,2,2,0,97,97726.95,6.6
48,25,22,1,4,3,3,3,27,109793.21,7.74
47,24,19,1,2,3,2,2,33,94261.01,6.81
35,9,2,2,1,3,5,9,42,81773.51,10.84
38,13,12,1,0,3,3,3,83,98412.02,7.04
39,16,14,0,4,3,4,12,27,93169.91,8.95
50,26,23,1,4,4,3,12,48,121770.81,11.16
41,17,16,3,3,2,4,8,60,81311.53,15.07
48,26,19,1,3,3,3,1,36,91154.48,6.27
39,13,10,1,2,1,4,13,2,53150.93,9.74
25,0,0,3,0,2,2,3,8,86286.52,8.79
22,0,0,2,3,2,4,6,85,55912.78,14.66
22,0,0,2,3,4,4,1,88,67461.1,10.72
47,21,17,1,1,2,4,7,1,88097.07,8.69
41,18,18,3,1,3,2,9,22,111903.73,6.77
44,21,20,2,3,1,3,3,50,69820.71,9.55
31,5,2,2,2,2,4,8,16,63499.35,11.67
32,9,9,2,0,4,2,13,24,112709.82,3.97
26,4,0,2,3,1,2,0,75,45896.15,13.01
22,0,0,1,2,1,3,6,26,40312.19,11.64
38,12,9,1,2,2,3,0,19,73622.72,7.9
43,18,18,2,3,3,3,10,72,86607.02,9.88
55,33,27,1,2,2,3,9,86,95995.38,10.02
50,28,23,1,4,2,3,10,35,100706.24,8.73
25,0,0,1,2,3,2,8,27,62143.07,7.71
26,2,0,2,3,2,3,13,28,55383.69,12.72
32,9,5,1,2,3,3,11,41,72230.59,11.37
42,20,19,2,3,1,4,9,57,62026.82,11.09
56,32,32,2,1,2,2,11,31,105288.42,7.9
33,8,1,1,3,3,4,12,11,61845.17,12.44
47,23,18,1,2,4,3,9,29,102020.79,8.69
40,14,12,1,3,3,3,11,59,78963,9.34
28,3,2,1,0,3,3,0,10,81633.43,6.36
28,3,3,1,3,2,1,2,83,51839.42,6.07
47,23,18,0,3,1,4,11,10,60981.71,9.55
26,0,0,3,0,1,3,6,79,63787.29,12.08
42,20,13,0,0,4,4,13,98,119823.21,9.68
35,11,6,2,0,4,5,12,49,119428.05,15.12
25,3,0,1,4,5,3,0,0,101825.95,7.75
44,20,13,2,3,1,3,14,88,76630.49,11.14
41,19,12,1,0,2,3,4,26,91308.74,6.96
36,12,6,2,0,3,5,5,31,99774,10.32
50,25,25,2,1,3,4,13,5,108311.67,9.7
29,6,0,2,4,3,4,2,40,80543.4,12.2
40,15,10,1,3,3,3,12,35,75095.08,13.96
49,27,20,2,2,2,4,5,38,92790.15,10.71
48,22,20,1,4,1,4,3,86,80142.13,13.39
25,0,0,0,4,1,3,5,92,39158.36,12.31
36,13,13,1,1,1,3,5,29,57280.14,9.87
56,34,33,1,3,2,3,3,85,92705.87,9.82
58,33,32,1,3,1,1,0,56,75897.65,7.61
22,0,0,2,0,2,4,2,10,65835.64,12.43
24,0,0,1,0,3,2,10,89,79071.01,10.63
45,23,20,1,4,4,3,9,86,119175.15,11.05
48,23,23,0,1,4,3,6,2,107505.2,8.08
57,35,32,2,3,2,3,1,47,93099.77,8.1
55,31,29,1,1,1,3,3,5,85047.75,9.15
50,27,21,1,2,1,5,5,6,82355.71,13.72
45,20,19,2,3,5,3,4,43,107699.26,8.46
45,23,16,1,0,2,2,13,60,103979.06,10.43
25,3,0,1,4,1,4,5,53,50515.89,13.65
24,2,0,1,1,4,3,4,50,84710.67,10.49
55,32,28,2,0,2,2,8,85,125085.7,11.97
44,22,22,2,4,4,2,10,47,122925.85,6.16
44,18,11,1,0,2,1,11,60,97598.82,7.23
26,0,0,1,3,2,3,12,96,54347.87,12.42
52,30,26,1,1,2,3,1,39,95031.76,7.63
27,1,1,2,2,4,2,3,2,80090.17,7.41
58,33,32,2,0,4,4,0,29,156022.66,6.54
31,5,3,1,1,3,2,11,23,65796.1,5.64
28,6,4,1,3,1,5,12,66,47975.26,17.2
59,35,28,2,0,2,3,6,1,134181.68,6.64
42,17,14,2,3,5,1,0,43,104227.18,5.65
41,18,17,2,2,3,5,5,39,96772.21,12.59
24,2,0,2,2,3,3,9,18,77926.05,10.43
43,20,20,2,4,2,3,9,62,96764.61,9.94
25,1,1,0,4,2,3,12,23,47711.41,10.5
49,26,19,1,4,2,4,8,49,102733.81,12.14
33,11,5,0,3,3,3,1,19,69024.98,6.61
59,37,34,2,4,4,2,0,56,148399.62,4.96
57,33,30,0,1,2,2,11,49,108960.23,9.23
26,4,4,1,3,2,4,14,94,51493.47,16.01
34,10,10,1,3,2,3,10,57,53399.68,8.17
44,20,14,1,4,1,2,10,30,77739.64,11.85
51,29,22,2,4,4,3,10,36,135541.49,9.58
58,32,31,1,3,2,4,9,92,95120.89,13.99
46,22,16,1,2,4,3,12,3,107755.62,10.35
48,26,23,2,2,3,3,2,57,105482.99,5.87
35,9,3,0,4,3,4,5,9,72952.81,6.72
57,33,27,2,2,4,2,14,62,134644.73,5.75
37,11,5,2,1,3,4,12,35,80374.42,10
43,18,17,3,1,4,5,6,54,119877.21,13.9
42,17,12,2,1,1,4,10,98,66463.31,12.77
42,16,16,1,3,3,2,7,56,76357.95,6.26
29,5,1,1,3,3,3,3,84,62116.53,9.99
37,15,8,0,3,2,2,7,42,58440.7,7.2
52,29,23,1,3,3,5,6,64,92666.72,12.82
31,9,2,0,3,3,5,10,11,63801.68,10.57
53,30,26,1,4,4,3,7,61,128264.06,7.41
55,32,27,2,2,2,4,4,23,103101.23,10.29
30,6,6,1,4,3,4,9,1,76882.16,9.93
38,12,9,1,2,2,3,6,46,68429.87,11.67
32,10,6,1,4,3,2,13,55,90185.99,7.11
53,27,20,1,1,2,1,3,83,93654.24,6.38
31,6,0,3,0,3,3,12,15,108382.51,8.28
43,19,12,1,3,2,4,0,33,74277.71,11.62
38,14,11,2,0,1,5,2,76,84278.1,14.19
25,0,0,1,0,1,2,11,17,49483.99,11.01
46,24,17,0,1,1,3,9,28,69195.92,11.54
42,17,14,1,0,3,3,14,53,106830.03,11.19
58,36,30,2,0,4,4,8,50,167940.78,11.21
59,36,29,0,1,1,4,14,13,87699.51,9.04
22,0,0,0,2,1,3,10,93,36266.59,13.09
46,24,21,1,4,2,3,3,57,91737.09,7.9
57,31,26,2,0,3,2,13,34,135571.9,6.71
38,12,11,2,3,1,3,4,8,57970.02,6.2
45,21,18,1,1,2,5,14,36,87957.41,13.87
23,0,0,1,0,1,2,2,11,49988.99,6.83
36,11,10,2,2,2,3,11,84,75929.64,10.76
53,31,31,2,2,1,3,10,81,92451.69,10.75
27,2,0,2,3,2,3,5,10,53285.17,12.2
22,0,0,2,0,3,3,3,26,87277.35,8.14
44,22,21,2,3,3,3,4,87,86812.79,9.64
38,15,13,1,2,1,4,10,42,61242.84,12.21
55,30,24,2,2,3,3,6,49,110335.35,9.1
50,25,24,3,4,2,3,11,97,111288.76,15.34
30,8,5,0,2,4,1,6,19,71716.88,0.51
34,8,7,0,1,2,4,8,12,59402.31,10.63
27,2,0,3,4,3,3,1,46,88017.77,11.76
27,3,0,1,3,3,4,13,7,69172.91,12.66
41,16,13,2,2,1,3,3,68,69538.98,13.96
24,1,0,1,1,4,1,14,70,76171.8,10.31
38,13,12,1,4,2,2,7,63,81057.42,7.39
33,7,6,0,1,3,5,3,43,68778.95,11.27
22,0,0,1,4,1,3,11,11,39446.82,12.61
38,16,10,1,4,2,2,2,3,83717.25,5.63
24,0,0,1,4,3,2,13,39,75904.89,9.47
47,21,21,2,3,2,3,9,18,75899.08,12.66
36,14,11,3,4,2,1,5,53,91512.06,8.32
57,33,31,1,4,2,3,2,0,112634.96,10.63
53,31,27,1,1,3,3,14,12,117590.86,9.15
53,30,29,1,4,2,3,11,49,110990.16,10.72
25,3,3,1,3,1,2,13,52,38004.35,10.23
39,15,13,1,1,3,3,11,41,88999.39,10.7
40,15,10,0,4,2,3,1,24,65962.93,7.21
56,34,33,0,1,2,2,8,43,98421.25,6.24
35,13,12,0,3,1,3,2,97,44459.64,9.42
54,32,25,1,1,1,3,0,98,91562.04,10.55
35,13,8,2,3,1,3,13,60,61236.51,9.71
55,31,28,1,2,4,4,11,80,121847.92,12.59
25,0,0,2,4,2,3,14,89,59179.43,10.68
45,19,15,3,3,1,4,14,20,69620.69,10.99
50,28,24,3,4,1,2,11,50,103786.68,11.94
40,16,15,3,3,1,3,12,75,67575.05,12.96
27,3,0,1,0,3,3,12,79,78988.87,13.1
54,32,31,1,0,1,3,8,51,106373.3,11.14
40,17,13,1,0,2,3,4,62,96099.25,12.63
22,0,0,2,3,2,3,6,83,51205.44,14.4
26,3,0,2,4,4,4,13,53,89815.34,15.99
48,26,25,2,0,2,2,1,9,116735.61,5.43
37,14,12,1,4,2,5,13,86,76177.72,15.36
27,4,3,2,3,3,2,0,93,71645.98,5.83
34,12,10,0,4,2,4,5,58,59274.14,12.59
56,33,31,0,4,3,3,12,7,114660.54,9.5
40,15,14,2,0,3,4,4,50,105729.75,9.89
33,7,1,1,1,2,2,9,4,68349.14,7.67
37,13,7,3,2,2,3,5,75,87621.38,11.75
31,8,8,0,3,5,3,1,41,80225.54,6.06
46,23,19,2,3,3,5,6,77,88186.36,12.86
41,17,11,1,3,4,5,0,11,91014.33,9.34
52,29,26,2,2,1,2,10,23,81074.46,8.15
25,1,0,2,1,2,4,7,44,63485.99,13.98
44,22,20,3,4,4,3,13,52,130058.21,10.19
23,0,0,1,3,2,2,6,52,46005.85,5.14
43,18,14,3,4,5,2,6,16,132976.75,5.74
58,32,27,1,0,1,5,5,64,94939.09,13.1
29,6,0,0,0,4,3,9,57,98779.66,11.31
28,2,0,1,0,2,2,4,36,69595.24,8.89
35,13,7,2,3,1,3,8,74,58028.33,10.71
24,0,0,1,2,4,3,2,41,75922.14,8.08
37,15,12,2,3,2,3,13,69,70462.63,12.09
40,18,11,2,0,1,3,8,78,91918.13,11.81
39,16,13,1,0,1,3,4,39,76135.83,9.14
37,15,9,3,3,3,2,7,22,86167.44,7.25
29,4,1,0,2,5,3,10,22,87009.75,9.44
54,28,23,2,2,1,2,2,48,84987.36,5.69
33,8,2,1,4,2,4,6,75,69960.43,14.37
32,9,9,1,1,1,2,9,6,55973.46,7
26,1,0,1,0,3,4,3,36,75623.11,13.2
48,24,19,1,2,1,3,4,15,71429.06,12.03
33,7,0,1,0,1,3,3,37,60615.95,11.75
38,14,12,1,1,1,3,12,98,62788.74,9.86
27,3,0,1,0,3,4,8,39,87094.05,10.66
54,31,25,1,2,4,4,11,28,115568.7,11.1
26,4,0,1,4,2,3,6,16,61706.6,9.17
49,25,19,2,3,1,3,13,89,74152.38,15.25
35,10,3,1,3,3,4,14,19,71053.87,10.19
26,4,0,2,2,3,2,14,24,74521.48,10.59
54,29,24,2,2,1,4,5,59,90985.25,12.44
40,15,9,2,1,1,2,5,37,71082.16,8.4
43,21,21,2,0,1,4,10,62,88580.69,14.48
26,4,2,1,1,3,3,9,38,72843.11,4.55
23,0,0,2,3,3,2,6,63,64583.63,9.54
51,28,28,0,0,2,4,4,82,109123.02,13.08
25,0,0,2,1,1,3,9,20,52778.01,10.04
54,28,22,2,3,2,3,12,31,88208.53,11.51
34,11,7,1,0,5,3,13,27,124832.95,8.03
41,19,14,2,4,1,3,2,11,83852.16,7.88
28,3,0,0,4,4,2,10,78,74535.87,8.94
36,10,10,1,1,3,5,10,91,79129.1,16.68
44,19,19,0,2,1,4,2,84,63359.99,12.31
35,12,7,2,0,2,2,6,79,86314.94,7.29
44,19,12,2,1,4,4,10,22,118105.9,10.97
40,17,17,2,2,2,3,13,89,86231.48,12.51
50,28,27,0,2,4,3,9,14,107190.61,9.22
41,18,18,1,0,2,3,0,11,90130.59,7.42
50,27,23,2,0,3,4,3,3,132503.1,10.98
45,19,15,1,2,4,4,9,34,97272.03,10.42
39,14,7,2,3,4,3,13,94,90575.32,11.98
31,5,0,0,1,2,3,7,60,67821.05,10.16
29,5,0,1,0,3,3,3,26,81036.26,10.23
47,24,17,1,2,1,3,0,95,72077.87,13.68
50,26,23,2,3,2,2,4,32,82900.63,10.01
31,5,4,1,4,2,3,14,12,61853.41,8.23
38,13,9,1,2,1,4,0,36,56155.23,8.12
23,0,0,1,3,2,4,8,43,52594.57,13.69
27,2,0,1,4,2,3,7,1,61163.46,9.53
26,1,0,1,3,5,3,13,37,81716.79,8.9
49,27,25,1,0,3,4,6,36,129142.4,13.65
26,3,1,2,2,2,4,4,58,55369.25,17.94
39,13,7,1,4,5,3,3,68,112793.89,5.22
47,22,17,2,3,1,1,6,17,66616.65,4.94
41,15,15,2,4,2,4,2,47,76619.23,9.2
48,22,17,1,1,3,4,7,80,101703.81,10.73
33,8,8,0,2,1,1,4,65,47704.02,8.1
28,4,2,2,0,3,3,4,48,96932.79,9.49
24,1,0,0,4,1,3,0,57,42416.31,11.86
31,8,5,1,3,1,3,12,34,37884.16,12.8
55,33,26,0,4,1,4,14,77,87876.51,14.35
46,24,24,2,3,4,3,9,75,100709.31,8.73
56,34,32,1,4,3,4,14,57,126047.72,13.22
37,14,9,3,0,3,3,10,96,102797.04,11.79
23,0,0,2,0,3,3,7,6,86452.23,9.6
45,22,22,1,2,2,4,6,8,86594.79,9
31,8,1,1,0,3,4,0,68,89699.15,13.38
59,36,31,1,4,2,5,11,3,111094.16,13.48
43,20,18,1,4,1,3,11,31,81598.27,11.83
47,23,22,1,0,3,2,3,4,110360.59,4.02
48,26,24,1,1,1,5,3,55,86582.84,15.13
50,24,18,1,4,1,4,11,55,86766.06,13.61
59,37,35,1,2,4,5,8,43,129905.61,13.65
41,19,12,1,1,3,2,9,71,102767.3,7.25
48,22,17,3,0,3,3,1,12,128877.89,8.17
41,18,11,1,3,2,2,3,3,71811.41,7.72
40,16,11,3,4,2,4,9,51,95348.11,13.71
41,17,13,1,3,3,4,2,74,77532.9,10.78
56,34,30,1,2,3,3,9,14,114108.95,9.34
23,0,0,1,1,2,2,14,81,53786.66,10.23
51,26,21,1,3,5,2,4,83,110712.72,7.78
55,32,31,1,2,5,3,11,0,132308.37,8.6
43,21,20,3,3,2,3,6,64,82348.57,11.6
24,0,0,3,3,4,4,4,10,79847.77,10.95
27,1,0,0,2,2,3,4,92,41244.17,12.26
36,10,4,1,4,2,3,3,60,70580.47,9.44
48,26,19,1,3,1,1,13,92,66389.62,8.87
31,6,3,1,2,3,4,8,87,73367.27,13.5
30,6,0,1,3,4,3,5,83,73991.78,13.2
54,32,26,1,4,3,5,9,93,114790.97,14.77
53,28,27,1,2,3,4,5,62,105336.29,10.29
27,1,0,1,3,1,3,10,37,38598.44,10.65
57,34,28,1,0,2,3,5,68,122067.76,9.09
23,0,0,0,4,1,5,5,44,42128.74,17.93
50,26,26,1,3,2,1,0,73,81674.82,8.23
25,0,0,3,1,3,3,10,69,78067.79,14.08
22,0,0,1,2,2,5,5,67,53831.65,17.06
40,14,11,2,3,3,4,3,3,84556.47,8.59
47,22,20,2,4,2,3,1,70,98055.77,11.44
46,23,17,3,4,2,3,5,47,111810.14,11.94
31,8,3,2,1,1,4,0,96,68580.84,12.75
36,13,6,2,1,4,3,11,8,105820.1,6.7
43,18,18,2,3,1,3,0,89,61181.44,8.7
42,16,12,0,0,1,2,4,46,68782.4,8.26
43,19,19,1,4,4,2,5,84,113558.87,6.83
57,35,33,3,0,5,5,1,59,178917.71,12.23
55,31,24,2,0,3,4,9,51,138017.8,11.42
51,25,24,3,3,1,4,7,85,82755.95,12.45
46,22,18,2,2,1,5,3,32,74669.67,15.91
49,24,17,2,2,5,3,11,57,127748.84,7.76
22,0,0,2,2,4,1,3,96,84250.85,6.68
25,0,0,2,1,3,3,9,47,71996.9,11.4
28,2,0,1,4,1,3,13,4,43990.94,11.8
30,6,4,3,1,1,3,4,84,63178.6,9.43
57,32,30,2,4,1,2,9,26,97475.87,9.91
40,16,12,2,4,3,3,3,40,98882.53,9.7
22,0,0,2,4,1,3,10,0,53891.88,14.65
31,5,2,1,3,5,3,13,50,84623.84,9.5
57,33,28,0,2,1,3,4,15,84880.69,8.37
30,7,3,3,1,3,3,9,98,91435.28,10.45
53,29,22,1,1,1,3,2,99,85675.94,9.19
53,30,25,1,3,2,3,7,31,81566.1,9.02
27,1,0,1,4,1,5,5,92,48084.44,14.52
59,34,34,2,2,3,5,7,46,115769.14,14.38
38,15,12,2,0,3,3,14,22,109184.16,9.35
31,6,6,2,0,1,5,14,14,63411.45,16.4
48,23,21,2,3,4,5,4,25,104648.32,11.85
56,33,28,1,2,2,3,6,36,90759.2,9.78
42,16,15,1,0,4,3,9,88,120819.88,8.67
46,24,18,0,0,4,5,6,54,126035.99,12.79
49,24,17,2,1,4,4,5,1,124547.44,9.72
36,11,9,0,2,1,3,13,75,46179.25,8.92
25,0,0,2,0,1,4,11,18,56138.17,15.79
50,24,19,1,1,5,3,9,31,125288.71,9.14
30,6,0,1,2,2,3,13,86,60198.9,12.26
48,22,18,3,4,1,3,12,68,92474.02,14.05
47,22,20,0,2,3,3,3,54,87477.66,7.69
40,17,11,2,3,2,1,5,88,73157.14,6.5
49,27,24,0,1,3,4,8,98,106456.06,12.8
38,14,12,0,4,4,3,10,55,104778.31,10.4
41,18,15,1,1,3,2,13,28,94954.9,10.1
44,22,22,0,1,2,2,14,83,87866.03,12.46
53,31,24,2,0,2,3,11,35,116983.43,8.1
54,32,28,1,2,2,5,3,70,100908.14,10.77
26,3,0,0,1,2,2,12,85,54349.65,10.41
55,31,29,0,1,1,2,5,81,82015.76,7.51
32,8,4,2,3,2,3,5,52,64134.45,13.7
24,2,0,2,3,2,3,12,84,54931.96,14.04
54,31,27,1,3,2,3,2,85,84237.27,9.77
32,10,7,1,1,4,3,12,38,96798.01,8.33
37,11,4,2,4,2,3,3,75,81185.51,10.65
39,15,12,2,2,1,3,2,10,65210.38,5.66
51,26,25,1,1,3,5,14,75,109242.06,16.14
31,9,8,2,0,3,1,2,89,91635.22,8.5
39,13,9,2,4,2,3,9,29,91426.01,7.4
59,35,30,2,4,3,4,11,78,135582.93,13.85
40,17,10,2,2,1,4,3,71,63589.45,13.3
57,33,28,3,4,2,2,12,52,127423.16,10.56
34,11,10,1,2,4,5,3,81,91048,13.31
24,1,0,3,4,4,4,5,73,88484,11.53
31,9,9,1,2,3,3,12,7,69401.1,8.6
59,37,33,2,3,3,3,14,98,111171.42,13.58
22,0,0,0,3,4,3,3,19,58335.43,5.64
48,22,21,1,4,5,2,5,11,126525.14,4.93
29,5,2,2,4,2,3,1,66,72367.09,10.6
38,13,7,2,2,3,3,3,83,89797.01,9.45
30,7,3,0,2,2,4,1,49,57333.18,10.95
27,4,3,1,1,1,3,14,11,45374.18,10.52
46,24,17,0,3,2,3,11,53,69700.23,9.9
49,23,21,3,1,3,3,7,87,109257.48,10.54
54,32,26,2,1,4,4,11,79,133921.61,14.32
58,33,29,0,0,4,4,8,53,141702.35,10.15
30,6,2,2,2,1,3,6,73,56613.66,10.11
39,15,8,3,0,2,3,5,18,103771.41,7.48
42,16,11,1,0,1,3,7,13,77569.22,7.09
23,1,0,2,1,1,4,3,51,54073.7,11.35
59,37,33,1,0,4,2,9,77,155123.56,7.33
57,32,29,2,2,2,3,10,21,106908.56,9.7
58,34,33,1,1,3,3,1,3,116429.98,6.39
36,14,12,1,2,1,4,13,58,57811.14,12.25
49,23,17,1,4,2,3,3,33,99018.29,7.87
39,15,9,1,0,3,5,4,63,100764.22,13.76
55,30,28,2,1,1,2,8,17,93562.45,9.78
43,17,13,1,3,2,3,4,97,65611.78,13.32
32,9,5,1,2,1,3,8,81,61226.54,11.62
34,9,8,2,0,3,4,8,30,92433.86,13.01
25,0,0,1,2,5,4,7,83,90183.98,12.58
43,21,16,1,2,4,4,4,99,97903.55,13.59
28,5,0,3,4,5,4,13,41,114436.8,13.78
45,20,17,2,2,4,4,11,73,112062.97,12.29
25,3,0,1,4,4,5,1,2,94728.31,8.34
49,26,24,1,4,3,3,4,84,110297.12,9.56
36,12,6,3,4,2,4,10,99,86979.94,13.22
22,0,0,1,0,2,5,0,54,64186.82,13.37
24,0,0,1,2,4,3,7,9,81324.69,10.82
35,10,9,1,2,1,4,1,70,55745.12,12.5
59,36,34,1,4,1,3,6,21,103995.49,10.94
22,0,0,2,2,4,2,14,22,78318.15,9.95
59,35,33,2,2,1,3,10,75,99879.76,10.67
59,34,28,3,4,5,2,1,12,155121.46,7.82
42,17,17,2,3,3,3,11,39,87984.26,9.74
50,28,27,1,3,2,4,10,12,86968.29,12.59
26,2,1,0,4,3,2,13,96,75687.31,13.39
31,8,1,3,0,4,1,13,94,124553.17,7.65
49,27,27,1,2,1,4,4,50,77274.76,11.63
42,19,16,1,2,3,3,9,63,96293.74,11.04
28,3,0,3,3,4,3,6,91,85017.68,11.61
24,1,0,1,4,1,3,5,82,43681.1,16.7
41,17,11,1,0,1,2,13,84,79733.94,11.09
40,14,8,2,4,1,1,12,95,61263.64,10.38
56,32,27,3,3,1,4,4,89,82860.11,16.49
25,2,0,0,3,1,3,5,12,36791.27,8.02
26,4,0,2,2,3,3,1,28,81262.78,8.85
22,0,0,1,1,2,5,9,70,58299.29,14.46
25,0,0,1,0,4,4,0,46,91104.61,11.33
33,11,11,3,0,2,2,0,25,91272.87,9.4
48,26,25,3,1,2,3,7,69,108577.43,9.67
44,20,17,1,3,3,4,2,95,75934.6,9.47
46,23,21,1,4,4,4,14,99,121337.83,13.37
42,18,13,0,0,2,4,10,22,83252.47,12.97
45,22,22,1,1,2,3,2,74,91021.24,8.57
46,22,15,0,2,4,2,8,55,103754.28,5.26
53,31,24,1,2,2,3,12,84,94276.29,14.09
53,28,22,0,3,1,4,5,18,70324.99,10.28
26,3,0,1,0,2,4,3,97,60355.82,14.86
57,31,24,0,4,3,2,3,49,112272.04,8.44
37,11,8,2,0,1,2,6,34,78963.86,9.2
54,32,29,1,2,3,5,5,48,111612.48,12.53
42,18,18,1,0,3,2,1,94,105543.8,6.33
30,6,4,2,2,4,3,8,45,92652,8.29
27,5,0,2,1,2,4,1,92,72176.81,14.35
56,30,27,1,1,2,3,7,69,95306.53,12.3
43,17,17,0,2,2,2,3,99,70349.54,7.75
26,2,0,2,4,2,3,9,52,68019.19,11.27
44,21,20,1,4,3,3,0,30,104184.15,8.23
38,13,7,2,0,3,3,0,95,110107.62,8.7
33,10,10,1,2,3,5,8,83,76329.69,14.68
44,18,18,1,3,4,3,3,21,95661.78,5.85
37,14,14,1,4,4,4,0,66,103345.41,10.17
24,0,0,2,4,2,2,2,7,59287.17,7.36
51,28,28,3,1,5,3,2,18,144093.2,7.24
43,20,19,0,4,1,4,6,30,71417.36,12.31
30,7,4,1,4,3,3,5,31,76424.43,8.22
50,27,21,0,4,2,3,7,78,92684.49,10.91
58,36,35,1,2,4,2,6,54,121637.36,5.78
44,18,11,2,2,2,2,0,30,86271.98,5.88
34,9,5,1,1,3,3,2,66,79790.1,7.27
53,27,21,3,0,4,4,8,50,140249.63,11.34
44,22,22,2,4,3,2,3,95,115659.76,8.99
38,16,11,3,0,3,5,10,73,113065.34,15.44
42,20,15,2,2,1,3,11,91,85184.32,15.31
23,1,0,1,4,1,2,10,26,43854.58,10.66
58,35,30,1,0,5,3,12,47,162364.63,8.16
27,1,0,1,0,3,2,12,42,79512.9,13.05
39,15,12,1,3,3,2,13,94,67866.42,8.61
51,26,20,1,2,2,4,13,50,90973.59,12.97
43,21,21,1,1,1,3,13,97,77304.83,14.54
54,28,26,3,1,2,3,14,68,112625.11,13.21
51,29,27,1,3,2,5,11,74,84679.48,11.72
38,16,15,2,0,1,3,2,70,84368.96,11.65
53,31,31,3,3,1,2,4,71,81115.64,8.77
35,13,8,2,3,2,3,7,80,70101.72,10.02
31,9,9,1,2,3,3,0,49,76316.09,5.55
57,32,28,1,4,1,3,1,60,93756.41,10
55,29,27,1,0,3,3,12,40,122323.63,9.12
30,8,3,1,1,4,3,6,50,92919.55,9.01
49,27,21,1,1,2,4,12,77,94209.47,11.99
32,10,4,2,3,4,4,0,23,78600.87,14.25
35,13,11,1,3,4,4,12,29,82966.66,10.06
40,17,17,1,3,1,3,12,51,55605.57,13.07
36,13,8,3,0,1,2,12,49,89704.51,11.98
49,25,24,0,3,2,3,13,56,72961.3,12.11
45,23,17,1,3,3,2,13,61,85381.73,7.51
29,5,5,2,4,2,2,10,78,73221.67,12.69
30,5,4,1,0,2,3,13,52,79579.65,11.35
54,30,23,2,2,3,3,4,67,113643.02,10.27
54,28,23,1,2,1,4,9,76,77749.39,13.26
40,17,15,2,4,5,3,7,68,122085.83,9.02
24,1,0,1,1,1,5,14,30,49820.92,16.21
31,9,5,1,2,4,4,5,75,78557.77,8.58
22,0,0,1,0,1,2,2,29,49350.38,9.09
50,25,22,1,1,1,3,6,9,89897.52,10.27
55,30,28,1,3,1,3,2,93,68755.99,10.07
34,8,7,1,0,5,4,11,89,113311.73,11.55
22,0,0,1,1,1,3,4,43,43796.89,8.7
55,33,26,1,2,3,3,6,5,107613.11,9.41
50,25,19,1,3,4,3,1,26,98631.67,9.29
34,9,4,1,3,3,3,9,19,69870.41,9
50,25,18,2,0,2,5,3,91,115893.55,14.96
45,22,20,1,3,5,3,1,19,109167.15,6.58
47,23,17,1,1,4,2,6,11,107173.69,6.65
38,14,8,2,4,2,2,2,84,91418.34,9.03
28,6,2,2,2,3,4,8,93,83017.21,14.46
34,11,6,1,0,5,3,10,48,127515.25,9.54
26,1,0,1,4,5,4,5,51,92372.24,12.22
47,25,24,1,4,2,4,0,9,92156.79,9.85
24,1,0,1,0,4,4,9,4,93939.37,12
28,2,0,2,1,2,3,7,63,66575.41,11.01
22,0,0,0,2,2,2,12,57,51016.74,7.34
38,16,16,2,0,1,2,6,7,81737.93,7.49
46,22,19,0,4,1,3,0,29,76131.74,11.06
24,0,0,1,4,3,3,2,16,72753.28,9.91
36,10,4,2,0,2,3,2,66,84389.63,11.02
50,27,26,1,4,1,3,13,20,85824.15,9.06
53,31,24,1,0,2,4,2,15,109380.47,10.46
47,25,18,3,0,2,1,14,95,115280.8,7.94
37,12,12,2,2,5,1,6,26,106856,3.96
46,24,18,2,0,4,4,5,5,141550.81,8.79
49,27,24,1,4,2,2,10,41,109778.04,8.99
30,5,5,1,3,4,4,11,15,75173.26,10.13
22,0,0,3,2,2,3,1,44,58920.54,12.33
50,26,23,1,4,3,5,4,2,109295.03,12.47
43,19,16,2,4,5,4,5,39,136186.02,11.45
37,14,14,1,2,2,3,11,19,69148.16,14.14
28,2,0,1,2,3,4,1,6,72196.96,9.11
35,12,5,3,4,2,2,14,58,92125.01,9.66
50,26,23,1,3,2,3,13,10,79044.81,9.1
40,15,10,1,1,3,4,0,92,81847.57,8.25
40,18,11,1,4,5,4,3,51,128131.5,9.65
23,0,0,1,2,2,3,13,2,54695.99,10.78
36,10,3,0,0,4,2,14,20,103374.05,8.46
24,0,0,1,0,4,4,11,52,103155.46,14.06
32,6,5,1,2,2,3,3,95,57242.95,11.22
51,25,21,2,2,2,4,3,29,99357.03,11.18
39,13,8,1,1,3,4,0,10,85753.99,7.86
23,0,0,3,2,2,3,2,80,64619.57,12.53
53,28,22,1,0,1,1,6,24,99185.83,6.49
29,5,1,1,3,5,3,3,49,86562.63,8.83
43,18,15,0,2,3,4,1,88,80884.84,10.78
27,5,1,2,1,2,4,7,8,78075.2,12.52
33,9,5,3,3,3,3,10,44,74866.08,10.7
57,32,29,2,1,1,3,0,28,95572.98,10.39
36,11,6,1,3,2,4,12,61,67042.48,8.91
49,27,20,1,2,4,3,8,14,118008.32,8.17
39,13,10,2,0,4,4,4,18,118534.24,9.8
23,0,0,3,3,2,3,1,14,59263.05,11.36
34,10,8,3,4,2,4,12,38,81574.98,12.79
36,14,7,1,1,3,4,13,34,84757.68,8.44
41,15,15,3,3,2,3,3,12,74836.96,6.13
50,26,23,1,1,1,4,2,15,87705.63,7.26
50,26,23,1,0,2,3,6,66,98412.2,11.7
24,0,0,0,1,3,2,5,94,64522.12,7.4
40,14,13,1,1,1,2,10,54,62417.76,11.27
24,2,0,2,4,1,4,11,64,57208.89,14.7
35,11,5,2,1,1,4,10,34,67835.4,12.37
25,0,0,2,3,2,4,8,15,51758.76,15.3
32,6,1,2,1,2,4,3,0,66977.92,11.82
52,29,22,1,2,2,2,11,49,91040.83,6.66
53,31,28,2,1,2,2,2,13,106245.71,6.71
48,23,16,1,2,4,3,6,61,101646.46,10.27
51,27,20,2,1,1,4,5,6,89857.75,10.21
23,0,0,2,1,2,5,4,22,58176.9,16.76
30,8,4,2,3,5,3,14,98,91075.81,9.2
49,23,16,1,2,3,4,14,62,95642.55,9.43
52,29,26,2,2,3,3,9,28,113526.07,11.95
55,32,27,1,4,2,1,6,21,113350.49,3.96
36,11,4,1,1,1,3,4,79,64991.01,9.38
46,24,22,2,1,3,4,8,92,110642.52,12.14
57,32,32,1,3,3,3,11,5,96425.05,7.12
29,4,4,2,4,1,4,3,81,52257.08,14.28
30,6,6,1,4,2,3,0,28,77451.72,7.34
58,32,30,1,3,4,2,9,88,114005.24,6.56
53,30,27,2,2,1,2,11,1,92689.44,7.85
38,16,12,1,0,2,4,4,63,93877.09,10.2
56,30,24,1,3,2,3,0,95,83796.41,9.99
58,32,31,1,2,4,4,11,35,121145.74,9.25
40,18,15,1,4,4,3,12,95,115166.64,10.56
50,24,22,2,3,3,3,0,19,86220.98,7.31
28,4,0,1,0,2,4,0,54,67334.03,14.92
49,23,18,2,1,1,3,0,36,83542.33,11.05
30,6,4,2,3,2,4,7,96,52961.38,13.71
49,26,19,1,0,3,2,1,51,115057.44,6.04
27,4,0,2,0,3,4,8,68,87822.26,13.2
50,25,25,2,3,5,4,6,69,114617.42,10.86
38,14,11,1,2,2,4,13,21,77939.18,10.54
37,14,8,1,3,3,3,10,84,73279.57,10.22
44,18,18,1,4,2,4,2,82,94000.74,11.42
52,30,29,2,0,1,3,8,14,104754.55,9.92
24,2,0,2,0,2,3,3,97,73021.49,12.75
42,18,11,1,1,2,2,6,46,76076.06,8.87
47,22,17,2,0,5,2,14,70,147494.83,9.82
57,31,31,2,1,2,4,2,80,99887.64,12.95
58,34,33,2,0,5,4,4,68,185774.59,12.92
43,21,14,2,0,2,3,12,51,101567.68,12.12
33,9,7,1,3,1,4,3,38,49245.63,11.16
34,8,8,2,3,1,2,12,1,50228.33,8.31
32,9,9,2,4,1,4,5,90,64637.09,14.9
37,11,7,2,2,2,4,11,44,73334.53,12.19
29,6,1,1,4,1,4,12,23,58587.75,14.4
23,0,0,1,0,2,3,8,60,65587.65,12.59
51,28,22,1,4,5,4,14,91,140665.52,8.56
51,27,25,1,3,3,3,4,64,93345.91,6.95
33,11,7,2,0,3,4,14,52,104632.17,14
31,7,1,1,0,1,3,0,20,55654.68,10.57
32,10,9,2,4,2,4,12,91,78757.68,9.99
36,10,4,2,1,2,2,4,66,78735.22,4.38
37,12,11,2,2,4,3,4,93,95588.13,12.04
38,12,10,1,4,1,3,8,0,65549.98,10.11
47,23,16,3,4,2,4,7,58,111205.08,14.78
23,0,0,2,2,3,4,4,46,66713.09,10.9
33,11,4,2,0,2,5,4,17,93808.93,11.46
47,23,22,1,0,4,4,14,32,130037.78,13.82
44,21,19,1,1,1,3,13,14,74792.97,11.01
39,15,8,1,4,2,4,1,23,84930.12,9.98
53,31,25,1,2,3,2,8,35,110079.42,6.94
59,37,36,1,4,2,4,13,59,104605.57,10.34
24,1,0,1,3,2,4,10,33,41786.42,14.85
59,37,37,2,4,1,2,14,89,111958.27,8.44
24,0,0,1,4,3,4,3,50,69757.17,12.88
51,25,20,1,3,5,4,6,39,103774.42,9.49
22,0,0,2,3,3,3,9,21,59808.54,11.07
51,26,20,1,2,4,3,5,15,105655.03,6.4
53,29,26,2,0,2,3,13,41,119690.24,13.19
49,24,22,1,1,1,5,4,15,84033.01,11.65
42,18,16,0,3,1,3,10,4,51969.17,9.15
34,11,5,1,0,3,3,10,5,97155.34,8.44
48,26,23,2,2,2,2,4,41,94603.18,7.2
57,35,28,1,4,3,3,13,87,132199.88,11.99
28,5,0,2,2,3,4,6,29,81294.22,13.25
43,18,18,1,2,5,3,13,31,106062.05,8.33
31,5,5,0,3,2,5,12,52,47374.26,14.9
36,11,7,2,1,2,3,1,18,73956.92,9.27
36,14,13,1,3,2,3,8,50,62556.89,10.63
25,0,0,2,4,2,1,1,27,67348.55,8.74
53,29,22,1,3,4,5,8,46,104781.54,14.74
44,18,18,1,4,1,2,10,71,76740.35,9.2
27,2,0,2,3,5,3,3,0,77209.91,7.35
45,22,21,3,1,5,3,12,67,139721.78,11.25
41,17,10,1,0,3,3,9,56,108344.2,9.68
58,33,30,2,1,2,4,10,21,116927.83,12.16
41,17,10,1,3,1,4,9,85,56148.24,11.89
33,7,3,2,2,2,2,5,93,72014.22,9.01
54,32,30,2,0,1,3,0,57,112893.45,10.03
49,24,21,1,2,2,4,4,90,86955.58,11
29,6,2,1,1,1,3,5,90,50048.46,8.85
22,0,0,1,0,3,2,8,12,76614.87,9.91
58,33,29,1,3,2,3,13,38,85495.36,8.19
43,20,18,1,2,1,3,8,26,67838.56,12.26
27,2,0,2,3,2,2,8,38,52391.39,11.47
42,16,10,3,4,5,3,13,71,132148.08,10.96
53,28,26,0,0,3,3,2,11,117614.04,7.54
56,32,31,1,2,2,2,12,23,97254.7,9.21
36,10,8,1,1,3,4,3,17,81968.68,8.79
26,1,0,3,1,3,5,7,14,80429.85,13.53
27,5,3,1,1,4,5,7,59,86932.27,12.25
46,21,14,1,1,1,4,1,15,74379.97,10.73
50,26,23,1,2,4,3,7,96,111072.2,9.04
28,5,3,1,4,2,1,6,73,67432.08,6.03
34,11,10,0,1,4,4,8,46,94349.55,13.12
59,36,29,1,1,2,2,4,23,107657.59,7.22
39,17,13,0,1,4,3,1,44,96360.01,5.34
23,0,0,1,4,5,3,4,18,97131.56,9.39
29,3,3,1,0,1,2,13,90,55120.76,10.44
32,9,2,1,1,5,4,1,40,100632.61,7.66
54,30,28,1,1,1,4,12,30,84994.99,16.16
59,34,27,3,1,1,4,11,84,103621.67,14.87
48,26,20,2,0,2,4,14,15,110230.77,10.98
41,17,11,1,1,5,3,4,22,118253.22,5.86
33,9,2,1,0,2,4,14,77,82292.81,13.87
52,26,22,2,0,3,3,12,22,125067.23,9.87
48,24,20,0,3,3,4,14,40,77824.5,12.23
53,27,24,1,3,5,2,8,17,112362.09,2.88
31,9,3,1,1,3,4,6,35,80623.28,8.78
24,2,2,3,2,1,5,6,11,63847.05,13.25
48,23,18,2,3,2,1,0,74,83444.55,5.42
56,30,24,1,3,1,2,8,68,70967.28,7.76
52,26,19,1,2,3,2,5,50,97083.77,7.69
36,13,7,3,4,1,3,6,84,79549.49,12.8
37,14,13,3,1,2,3,12,31,87780.77,13.51
34,9,4,3,4,4,4,11,92,109261.31,14.25
56,34,30,1,4,2,3,1,70,111580.9,10.19
32,9,4,1,0,3,3,0,35,96141.62,7.39
42,18,12,2,0,2,4,10,39,109728.74,16.31
32,10,6,1,1,1,3,12,90,63317.72,12
51,27,22,0,2,2,3,3,69,81169.89,8.86
56,30,26,0,0,2,4,11,37,105640.89,13
43,21,17,2,3,4,4,8,53,91022.62,8.72
59,34,31,2,1,2,1,13,3,112843.77,6.14
52,26,26,1,4,2,2,8,45,96494.65,8.24
35,9,5,2,1,3,3,13,62,86422.41,10.42
45,21,20,1,0,3,3,10,98,109489.74,12.78
53,27,21,2,2,3,3,2,73,104657.75,10.26
57,34,28,1,4,5,4,0,49,142630.46,9.11
53,31,30,1,2,3,4,1,29,106612.01,9.54
36,13,11,1,1,2,2,14,72,76775.73,9.36
56,32,28,1,2,4,3,8,15,118088.97,4.67
24,0,0,1,2,2,3,8,51,54726.22,12.38
37,15,11,1,1,2,3,11,3,74734.79,10.56
26,0,0,3,4,2,4,0,25,70352.89,12.04
42,17,10,1,2,1,4,8,28,70226.14,9.53
31,7,2,1,2,1,2,0,91,48971.17,7.99
40,18,14,1,1,1,2,9,10,70900.32,7.09
46,21,17,1,3,1,4,3,91,64208.03,12.14
25,0,0,1,2,4,3,4,95,76086.74,11.77
50,26,26,2,0,4,2,7,23,145038.8,4.49
40,18,18,1,4,3,2,12,50,99734.41,8.01
23,1,0,2,2,4,3,4,41,78272.49,9.56
31,9,8,2,1,1,3,4,38,60846.13,12.27
46,22,18,0,0,4,5,3,6,124547.87,10.47
41,16,16,1,1,2,3,8,17,81818.46,8.38
40,18,15,2,2,1,3,12,2,69377.19,12.34
44,18,15,0,0,1,4,7,62,78073.88,10.42
45,23,20,1,4,2,3,8,19,91970.64,8.1
32,7,3,3,4,1,3,6,97,70171.82,9.78
55,31,27,1,4,2,3,6,93,107394.81,13.36
49,27,20,1,3,1,3,4,72,67870.58,10.95
26,4,2,3,1,1,4,9,73,59902.94,13.77
26,0,0,1,2,2,3,0,69,44483.42,12.63
42,16,14,0,0,5,5,11,16,123539.29,10.04
33,11,9,2,1,1,4,5,78,70434.49,12.5
25,3,0,2,2,1,3,9,96,43586.46,15.72
41,15,12,1,3,3,2,5,58,73120.95,6.51
59,34,30,1,2,4,3,9,53,121746.72,8.36
46,23,20,2,1,2,3,3,12,86960.27,8.56
35,12,10,2,2,4,3,1,41,90215.58,8.31
32,10,6,1,0,2,1,14,43,89977,8.33
53,27,26,0,3,1,5,0,85,67870.38,13.23
32,8,1,1,0,2,2,2,79,81648.05,7.09
39,15,15,2,3,3,3,10,97,82365.97,12.11
48,25,25,2,3,2,2,12,66,85695.54,10.09
39,14,12,3,2,3,3,14,71,93790.19,12.13
44,21,15,2,0,1,4,12,19,97372.2,11.44
32,10,7,1,3,3,4,8,46,74575.61,8.3
42,17,16,1,3,2,3,11,23,66124.93,9.68
26,2,0,2,2,2,4,0,50,59858.2,10.98
44,18,12,2,1,3,4,4,17,97678.9,10.81
46,20,17,1,1,3,4,9,22,96657.88,11.68
31,9,7,0,4,1,4,5,0,56136.58,7.72
43,20,17,3,4,4,4,14,65,126299.17,11.83
40,18,16,1,3,3,3,8,4,73960.65,10.61
22,0,0,1,1,1,3,0,17,46878.94,9.14
28,4,4,2,3,5,3,11,79,84951.63,10.3
25,0,0,2,0,3,3,4,73,85817.25,12.67
22,0,0,1,1,2,4,0,92,57014.01,13.59
36,10,7,2,1,1,3,1,34,62289.34,11.02
33,7,6,1,1,2,5,13,24,61837.98,15.09
43,18,14,1,4,1,3,1,23,71491.44,10.65
43,20,18,1,2,2,4,10,12,86817.04,11.29
38,12,8,2,2,2,4,4,20,71444.83,10.06
50,28,28,3,4,3,4,9,38,122425.55,9.87
35,9,2,2,4,1,4,3,33,66426.07,12.12
41,19,18,3,4,4,3,5,18,124580.23,10.04
54,29,28,1,2,2,2,4,27,92017.36,5.77
36,10,6,0,3,2,5,1,90,51330.72,12.32
33,8,8,1,4,3,1,8,89,82862.48,6.46
41,16,9,1,3,3,3,12,10,76801.14,7.55
51,28,24,2,3,2,3,9,48,92095.38,10.76
59,33,30,2,0,2,3,7,34,122999.63,9.03
24,2,1,3,2,2,4,14,83,64651.6,14.34
49,27,26,1,3,3,4,8,75,95741.7,10.74
47,21,18,1,2,2,5,10,56,80208.53,16.31
51,28,28,1,2,3,3,5,27,100807.47,8.41
34,11,10,1,0,3,3,4,65,98079.91,11.39
34,11,5,1,2,1,4,4,64,57127.15,11.38
23,1,0,1,3,2,5,1,72,46973.64,12.45
58,33,28,1,1,1,5,10,21,92802.3,13.29
59,36,31,1,3,2,4,3,50,94263.1,13.47
23,1,0,0,3,2,2,1,90,43471.65,5.88
57,35,33,1,2,2,1,1,8,104317.53,1.39
47,22,16,1,3,3,4,11,70,84360.38,11.89
32,6,4,0,1,1,4,7,35,41880.96,13
29,3,3,1,2,4,4,3,53,81477.57,8.33
43,20,17,1,4,2,3,11,37,88111.73,10.4
41,18,14,1,3,2,4,13,65,68690.32,13.03
29,4,0,1,3,3,3,3,42,64586.46,11.65
50,27,20,1,0,4,3,6,4,145062.01,10.59
47,22,22,2,4,2,3,3,80,91643.02,9.32
51,29,25,2,4,3,5,8,36,120999.27,12.48
38,15,15,2,1,4,3,8,57,107192.77,9.34
41,19,17,1,4,3,3,11,62,100733.93,9.07
37,13,8,1,0,1,3,13,98,71037.07,15.56
28,3,0,2,1,4,4,13,50,89145.75,11.69
37,13,11,1,4,3,3,2,71,92366.26,10.95
48,25,22,2,1,3,5,5,42,109720.16,12.05
44,22,16,1,4,3,2,14,66,102762.72,9.02
45,22,18,1,4,5,3,6,66,127839.09,8.56
30,6,6,2,4,2,4,2,64,79078.42,10.93
56,33,32,1,3,1,3,3,61,85368.26,11.3
41,15,14,1,4,2,2,13,87,79954.57,10.82
58,34,31,1,3,1,3,0,62,78822.28,11.96
38,15,10,1,2,2,4,10,29,75114.37,12.49
52,30,25,1,0,3,1,8,89,129414.04,5.21
29,6,3,1,1,2,3,6,37,63410.52,9.08
36,14,12,2,1,3,4,9,50,88999.92,14.17
52,26,25,2,2,4,3,6,37,114701.36,7.66
51,28,26,1,4,2,1,14,66,104755.86,10.14
41,15,11,3,0,4,3,8,76,129241.95,11.5
33,9,8,1,2,1,4,11,99,61146.97,15.61
38,16,12,1,2,4,2,13,47,105159,4.57
51,27,27,2,1,4,4,14,11,121829.73,11.49
50,28,26,2,3,2,4,5,19,92043.8,13.92
40,14,11,2,3,2,3,7,71,69246.35,9.59
32,7,6,1,4,2,5,4,1,69384.26,13.88
55,32,30,1,4,4,3,7,74,136301.87,9.66
28,2,0,2,2,4,3,11,84,87409.73,11.05
55,33,33,1,4,2,4,9,54,106696.21,11.69
41,19,18,2,3,3,3,13,5,93718.95,6.75
59,37,33,1,0,1,3,0,82,114560.64,10.32
45,23,23,2,1,2,3,2,93,87593.48,11.34
31,8,3,1,3,5,3,14,61,86659.85,13.11
53,29,26,1,4,1,3,3,48,99710.04,10.32
36,11,4,1,1,4,4,13,99,93134.34,15.08
58,35,34,2,1,4,4,10,83,146658.43,10.86
41,19,18,2,2,5,3,8,53,119695.74,8.45
24,1,0,0,4,1,3,7,9,40407.81,10.81
58,32,26,2,2,1,3,13,23,88163.66,9.76
29,7,7,1,1,1,3,7,96,55967.81,11.52
44,19,18,1,2,3,2,1,28,89481.45,7.26
32,10,7,1,4,3,3,6,93,86017.02,14.04
29,4,4,1,3,1,3,14,99,40930.19,14.33
50,25,21,1,0,3,3,11,5,124049.27,7.52
51,27,27,1,3,2,4,2,57,80478.93,10.99
31,7,7,2,1,1,3,5,77,49463.89,9.77
49,26,19,2,3,2,5,14,56,82120.04,15.6
57,34,30,2,2,1,4,3,2,89987.98,12.79
34,9,4,0,4,2,5,5,23,71851.2,12.38
53,31,25,3,3,2,4,3,18,98506.84,10.83
57,31,28,2,3,4,4,2,97,111938.06,11.34
58,32,27,0,4,3,3,1,8,113628.88,6.9
47,25,20,2,2,2,2,3,29,88197.88,9.67
43,21,16,1,0,3,4,9,95,112236.61,13.91
25,1,0,1,3,3,4,1,76,61464.44,10.8
52,26,24,1,1,2,3,6,81,97274.6,9.74
39,14,8,1,2,3,4,14,43,85228.22,13.86
59,36,31,2,2,3,3,0,52,115362.57,9.17
45,21,19,1,3,3,3,13,85,81234.66,8.57
44,18,14,0,4,3,3,10,67,93962.86,11.46
43,21,15,3,3,3,4,0,59,90021.72,10.34
23,0,0,3,3,2,4,4,22,59404.05,11.57
52,27,22,2,4,4,4,6,60,126182.68,12.57
32,8,7,1,1,1,4,13,6,50589.17,13.42
49,27,23,0,4,4,1,0,43,113611.58,3.13
53,28,26,2,3,2,5,11,54,85869.46,15.31
26,3,0,0,0,1,3,11,74,40728.55,12.04
59,35,32,0,4,3,4,3,38,117132.87,8.53
31,6,6,1,1,2,2,4,58,60355.28,7.27
45,20,17,1,4,4,3,1,97,111574.02,8.55
56,34,31,0,4,2,4,6,4,107810.24,8.82
44,21,16,1,2,3,4,3,41,93534.8,11.45
38,13,8,1,2,2,3,7,88,73314.39,11.16
22,0,0,1,3,1,4,13,91,44096.62,14.56
52,27,21,0,3,2,3,13,13,70335.83,8.41
52,26,19,1,4,3,3,14,26,109011.08,7.88
55,31,29,2,0,3,4,0,15,132690.56,9.14
30,6,0,2,3,3,3,9,90,67335.65,14.87
43,18,12,1,4,5,4,0,1,125481.68,7.67
34,12,10,1,4,3,1,0,18,96683.69,3.69
46,22,17,0,4,4,3,3,22,114006.5,4.54
39,13,8,0,4,1,3,0,40,61362.89,10.65
33,11,10,1,4,1,3,14,13,66845,10.59
38,16,15,1,2,2,3,4,46,80719.21,9.4
36,14,10,2,1,1,4,13,62,77187.39,12.3
36,12,7,2,1,2,5,13,89,80948.23,15.86
36,14,14,1,4,2,4,5,7,75758.44,8.67
34,9,8,1,3,3,4,6,26,67270.86,9.16
38,16,14,2,0,3,3,7,39,102119.34,6.78
53,27,24,1,4,5,3,7,27,141293.55,4.46
30,7,1,2,0,4,1,1,67,105907.49,9.71
41,15,9,1,2,1,3,11,60,59502.06,11.73
47,23,19,2,1,2,4,3,37,96914.46,12.73
48,26,25,3,2,2,3,6,74,93297.97,10.79
42,20,17,3,3,1,3,8,23,75758.36,10.36
39,14,11,1,3,2,3,8,27,66488.33,7.76
34,12,11,1,4,3,3,10,40,87430.88,10.38
37,11,11,1,3,1,2,2,17,50407.97,7.96
30,6,6,3,3,3,4,11,48,72518.97,13.26
33,10,6,1,2,3,3,6,84,87796.76,10.12
59,37,30,1,0,1,4,3,25,109057.02,11.3
40,17,17,1,1,2,3,8,2,81791.32,7.94
28,6,2,1,3,4,4,6,76,73905.8,12.64
56,32,25,1,3,2,4,12,37,87733.36,10.06
39,13,6,1,2,2,4,12,91,72722.86,12.53
37,13,11,1,1,2,3,5,13,76706.17,8.09
25,2,0,0,2,1,3,8,0,36643.6,8.34
46,24,23,3,0,1,5,6,91,99304.19,13.63
53,30,23,2,2,4,2,10,99,120718.05,8.91
34,8,5,2,1,1,2,7,10,59157.51,7.21
38,14,10,1,1,2,3,10,39,73613.1,9.8
58,35,29,2,3,1,4,4,3,82732.95,10.78
27,4,4,1,0,3,1,3,33,86011.19,5.4
40,14,8,1,4,1,4,0,64,61505.94,11.67
34,12,8,1,3,2,3,13,55,61875.21,13.63
47,24,19,1,2,3,3,7,9,91647.89,8.33
35,9,5,1,2,2,3,5,80,69220.99,12.75
52,30,30,3,1,2,3,3,70,109540.84,12.18
25,3,0,0,1,2,2,2,63,50589.58,10.44
29,5,0,1,1,3,2,4,12,70917.61,5
46,20,13,1,4,5,3,3,21,134211.85,6.82
34,12,12,1,4,2,4,10,55,82225.32,12.88
53,29,24,1,3,1,3,10,64,73709.82,10.95
59,34,33,1,4,1,3,6,91,96591.76,11.77
59,33,30,2,1,3,3,5,96,130802.51,9.19
49,24,18,1,3,3,3,2,12,89242.12,9.45
51,29,28,1,3,3,3,11,0,93057.17,8.45
24,0,0,2,0,3,2,9,37,81369.17,9.92
49,25,25,2,4,4,4,12,57,132059.74,10.72
24,2,0,2,2,4,3,10,24,82761.84,12.64
55,29,29,2,2,3,4,11,41,105587.19,13.1
37,11,5,1,0,2,3,13,84,83015.72,13.45
43,18,15,1,1,2,4,0,32,82954.98,13
53,31,27,2,0,2,3,13,56,123828.98,11.13
59,35,34,2,1,2,2,6,36,115520.73,8.77
29,5,0,1,4,3,4,4,56,76866.32,13.03
29,7,4,1,4,1,3,0,97,56204.46,9.87
27,5,4,2,3,3,2,0,61,68391.08,7.61
35,12,8,1,3,2,2,5,2,57497.88,5.1
53,28,21,1,3,3,4,3,29,95039.45,9.73
56,34,29,1,3,1,4,13,66,81770.71,11.32
31,9,8,2,2,2,4,7,62,74534.05,11.25
24,1,0,3,3,1,5,1,81,44593.94,13.55
33,10,4,1,3,4,3,3,22,78462.98,9.43
52,26,23,1,3,2,3,11,71,83670.93,12.16
50,26,20,1,1,1,4,12,72,79695.35,13.06
26,1,1,0,3,1,5,7,65,38832.96,14.49
46,20,19,1,0,3,3,14,60,104376.66,12.46
52,30,25,1,3,1,5,14,1,72877.96,16.43
42,19,14,1,3,5,2,11,26,99994.46,7.4
41,17,14,2,2,2,4,7,47,85077.2,13.97
43,17,14,2,3,2,4,4,62,79187.31,11.91
25,1,0,1,1,3,4,2,99,69715.63,10.09
34,11,6,1,4,2,1,12,4,64067.59,5.56
41,15,10,3,3,4,2,14,0,96199.54,7.53
34,8,3,1,3,2,2,3,21,57368.65,8.12
38,14,13,2,3,5,3,2,73,101636.59,7.75
57,34,29,1,2,3,4,10,23,111801.44,9.03
54,32,32,2,4,4,5,1,58,145136.77,9.23
22,0,0,2,2,1,3,13,78,43174.54,15.2
36,14,14,2,2,2,2,3,96,73983.11,8.73
34,11,10,2,2,3,3,8,49,82698,8.14
38,12,9,3,1,3,1,5,22,107407.48,6.23
45,19,12,1,4,1,4,3,77,74319.61,13.6
29,7,7,1,1,2,4,0,17,70095.23,9.21
48,23,22,1,1,2,5,13,88,94019.98,17.12
44,22,15,2,4,3,3,6,21,104080.72,9.61
29,7,0,2,1,2,1,1,43,71273.85,6.74
29,4,0,1,4,2,3,11,43,68754.92,11.5
47,24,23,0,3,1,3,5,36,71779.84,8.81
34,11,4,2,2,2,5,9,6,77722.76,12.88
58,32,27,1,1,1,2,0,89,89630.28,10.92
49,25,19,1,4,5,2,12,23,141058,8.07
46,22,21,2,0,1,4,6,76,92316.57,14.05
37,11,4,1,1,4,4,3,40,90974.09,12.23
23,0,0,0,1,2,3,10,69,51799.32,13.75
39,17,17,1,4,2,4,2,84,78426.04,11.62
38,16,10,1,0,1,2,9,70,74310.88,10.46
51,26,23,1,0,3,5,6,17,128739.01,13.75
34,9,7,1,3,3,3,12,78,70846.94,11.07
53,27,22,1,1,2,2,2,71,92044.18,7.55
50,24,17,1,2,1,3,7,59,75583.35,13.47
51,25,25,0,1,4,2,10,51,110119.62,7.82
39,17,14,1,2,5,3,3,79,114122.88,9.84
34,10,10,3,2,2,4,2,48,79343.98,10.51
42,16,14,1,4,3,3,6,66,96200.03,10.94
51,25,21,2,1,2,4,6,44,98353.81,11.44
42,20,15,2,4,2,3,8,8,90930.72,9.12
38,16,11,1,3,1,1,9,25,61642.52,5
40,18,17,2,2,2,5,6,25,85191.57,12.61
36,12,5,1,0,4,4,5,29,110038.99,7.37
30,4,0,2,2,1,2,2,26,51277.82,10.71
31,8,3,1,3,3,3,3,79,66802.74,8.65
52,29,26,2,2,4,4,7,3,118950.32,9.97
44,18,12,0,4,1,2,5,50,64815.27,6.2
51,25,20,2,1,1,3,8,82,90432.71,12.73
54,28,23,0,0,3,3,7,97,111252.03,6.48
30,4,0,2,4,2,3,13,69,78155.47,11.98
22,0,0,1,1,1,2,7,78,43015.23,13.04
56,33,27,2,0,2,4,10,9,123434.2,10.35
32,7,5,1,3,2,3,9,35,54498.85,9.44
55,32,25,1,2,4,3,9,45,122249.76,5.6
37,14,14,2,0,3,4,6,5,105886.93,11.98
30,8,8,3,3,2,4,9,69,69392.23,12.98
53,27,22,0,1,2,3,10,78,85250.9,12.79
36,10,5,3,0,5,4,0,92,132031.43,9.73
33,7,6,2,3,1,4,14,88,51405.84,12.75
54,32,32,2,1,1,3,4,82,94519.83,13.45
35,11,8,1,4,5,3,13,77,121103.58,10.47
29,5,0,1,2,5,4,6,2,96726.61,9.92
29,4,1,2,3,1,3,9,49,48491.32,11.77
48,24,19,1,4,1,3,8,41,83417.98,12.15
33,9,2,1,1,2,4,11,77,67112.87,10.38
22,0,0,0,0,1,3,3,53,41372.31,12.19
32,9,5,1,2,3,4,7,38,73302.02,8.91
52,28,25,2,1,1,3,0,84,91848.02,11.41
38,14,8,2,3,1,2,3,54,55264.01,11.51
54,32,32,1,2,2,3,3,10,103391.72,7.94
53,28,23,1,4,5,3,1,73,139906.29,7.63
50,28,28,1,2,2,4,10,78,97355.1,12.23
42,16,10,1,4,2,4,10,29,86701.64,11.3
42,19,13,1,1,5,3,2,80,119222.79,7.47
44,19,16,2,0,2,5,2,55,104976.4,13.22
27,5,3,2,2,2,2,8,28,63455.6,7.54
43,19,17,0,0,2,3,6,16,88682.23,8.03
59,35,29,2,0,1,3,1,32,113154.94,8.48
58,33,31,1,2,2,3,8,20,105604.4,8.94
29,5,0,2,2,2,4,7,77,65789.7,14.32
56,34,33,1,0,2,1,5,9,125792.89,7.2
32,10,6,2,3,1,2,5,86,52911.25,12.2
45,21,18,1,3,2,3,11,38,78889.44,10.66
42,18,17,1,2,2,4,1,77,75146.48,10.81
23,0,0,0,0,1,4,12,46,42021.26,14.6
40,17,14,1,0,1,4,2,85,76608.21,11.26
49,24,23,0,1,4,2,5,51,110099.68,5.33
38,16,16,1,0,2,3,13,40,87671.95,10.65
27,2,0,1,3,1,1,11,91,41108.02,9.27
40,14,7,2,1,3,3,2,46,95052.62,7.75
59,37,36,0,3,1,4,10,72,78084.1,12.33
49,23,16,2,4,3,3,10,86,108399.88,14.68
23,0,0,1,2,3,2,6,70,63342.81,9.66
59,35,35,3,4,3,3,13,87,137632.57,9.58
58,33,31,3,2,3,2,4,42,125481.36,7.82
25,0,0,1,3,1,3,3,36,35565.98,11.57
43,19,13,2,3,3,3,7,72,82945.13,10.24
47,22,20,0,4,1,3,10,63,66062.39,11.87
57,33,26,3,2,2,5,10,70,115041.76,14.51
34,12,7,1,2,4,3,1,59,91471.73,7.72
53,27,23,0,1,2,4,2,86,90815.39,11.38
38,12,8,1,0,5,4,9,24,122978.63,8.39
57,32,28,0,1,1,4,11,21,82604.48,10.24
40,17,14,1,3,2,3,3,42,68099.45,9.08
56,30,27,2,4,1,1,11,70,95190.99,8.88
49,25,18,1,2,3,4,9,69,97878.08,7.77
22,0,0,1,1,1,3,13,35,45857.88,11.74
39,16,12,1,4,1,2,5,45,73297.67,7.76
54,28,22,1,4,2,3,14,21,99738.64,10.44
33,7,7,1,0,3,4,4,34,88070.2,11.32
29,3,0,2,2,1,5,14,46,43509.49,16.55
45,21,20,1,4,4,3,4,32,109009.88,8.5
37,14,10,1,2,1,3,6,84,58845.09,9.25
25,0,0,1,1,1,4,7,74,43175.03,16.5
59,35,32,1,4,2,3,5,12,107537.63,8.32
48,26,23,2,4,5,2,14,55,145756.09,5.72
30,4,3,1,1,1,3,13,66,52404.92,12.84
37,14,13,1,2,1,4,2,12,57596.3,9.9
33,9,7,1,2,3,2,3,49,73103.97,9.52
52,30,30,1,4,2,3,13,56,106728.16,13.44
45,21,21,1,1,3,3,0,97,105176.38,10.84
35,11,4,1,3,1,4,13,27,49155.34,8.26
46,21,14,2,2,2,5,10,97,91433.47,15.44
55,30,23,0,3,2,3,13,95,79809.98,13.72
24,0,0,1,4,2,5,4,86,58006.84,16.81
45,23,16,0,3,3,2,12,87,80536.37,7.63
30,7,0,1,3,3,2,14,64,69058.6,10.4
47,24,24,1,2,2,5,11,23,93980.51,14.21
41,15,10,2,4,4,3,9,66,116465.68,7.49
31,5,2,2,3,2,2,7,80,54214.42,7.11
40,17,17,0,2,1,3,2,6,58408.95,11.57
24,0,0,1,3,3,4,9,73,50329.82,13.13
45,21,19,1,2,3,4,12,82,101385.13,10
26,1,0,1,4,1,4,14,23,48203.54,13.08
24,0,0,2,1,3,3,3,8,69790.19,9.73
48,22,21,2,2,2,4,12,14,90297.03,13.01
37,14,12,3,2,3,3,3,55,102164.46,8.56
36,12,6,0,3,4,4,5,85,74507.01,8.99
56,33,32,1,4,3,4,8,16,119929.92,11.52
33,11,5,2,0,1,3,9,18,69926.84,8.82
47,24,21,2,0,3,2,2,8,127958.91,5.39
55,33,28,2,1,3,3,3,63,121941.87,10.4
44,19,17,0,4,1,4,5,56,59710.37,10.98
52,27,26,1,2,2,2,5,37,92007.44,10.35
41,15,8,1,0,5,2,6,82,134892.91,5.78
33,10,4,0,1,2,3,14,7,61869.22,8.79
44,21,21,1,4,1,1,0,5,78034.28,3.76
25,3,0,2,1,1,4,13,48,52692.51,14.15
44,19,13,1,0,3,3,13,44,112987.26,11.71
22,0,0,1,3,4,2,8,20,61518.97,7.11
46,21,17,2,3,3,4,1,92,86592.02,16.01
23,1,0,1,4,2,4,13,33,58039.35,13.81
51,26,26,2,1,3,1,3,11,115082.76,4.56
24,2,0,1,2,3,3,2,38,66508.51,7.22
42,17,14,1,0,3,5,2,95,100352.88,12.52
46,24,17,3,3,1,3,10,5,75392.28,11.44
41,18,15,3,3,3,5,4,80,94383.22,14.88
43,17,14,0,1,2,3,6,31,69207.49,7.14
42,20,16,2,3,1,3,12,59,70643.79,11.28
54,28,27,1,1,2,3,11,7,100743.27,4.43
59,36,33,0,0,5,2,6,37,165456.94,4.12
36,13,12,1,1,2,4,13,92,78899.57,16.52
36,11,5,1,3,5,5,13,94,96007.77,14.34
46,20,14,2,1,1,5,6,18,71819.02,15.02
42,18,15,2,3,3,4,2,54,89450.37,8.23
45,20,18,3,4,1,4,8,8,91329.37,12.12
26,0,0,2,3,2,4,5,51,49905.03,13.09
27,5,3,1,3,3,4,10,27,59311.2,9.94
44,22,16,2,3,3,3,11,61,90202.97,10.32
25,2,0,3,4,3,3,10,47,96100.67,11.19
48,24,22,2,2,3,4,9,38,105531.88,9.69
39,17,14,2,3,3,4,10,52,82073.69,12.23
42,16,15,3,2,4,4,7,94,118251.15,13.9
49,23,18,1,0,2,4,13,62,105894.16,11.85
56,34,30,2,1,1,3,14,18,102710.35,9.97
43,17,17,2,2,1,4,13,32,71877.08,14.34
44,18,13,3,0,2,5,0,63,110466.43,13.56
24,1,0,1,1,3,2,3,25,58635.65,7.03
31,7,3,1,3,1,5,14,44,45995.99,15.2
46,23,20,2,3,1,3,14,0,73681.28,13.63
29,5,3,1,3,1,4,6,74,48298.33,14.54
32,6,4,2,4,3,4,11,65,95736.39,15.17
26,2,0,1,4,1,3,8,34,52939.43,12.76
58,32,31,1,4,1,3,11,76,96442.26,10.77
59,33,30,1,4,3,3,2,97,122620.73,9.18
50,27,23,1,0,3,1,11,97,120413.73,6.61
26,3,0,1,0,2,3,10,98,70937.49,14.24
30,5,2,1,3,3,3,11,95,70057.71,10.83
23,1,0,1,1,1,5,5,44,43023.25,13.8
22,0,0,1,4,4,2,7,75,83730.41,8.95
51,26,19,0,1,2,3,10,32,85167.35,7.33
32,8,8,1,0,5,5,2,81,123225.87,13.28
49,23,18,1,4,5,5,5,68,137016.69,10.42
33,7,5,2,0,3,4,8,82,92838.86,13.96
47,21,17,1,0,1,3,8,30,88362.83,10.73
34,12,11,1,2,2,3,5,90,59343.21,11.6
29,5,0,2,0,1,3,4,63,63724.62,10.54
49,25,20,1,3,4,2,0,14,103393.67,4.72
51,25,18,3,0,3,4,2,45,131820.62,10.11
30,5,0,2,4,5,3,14,47,104263.27,8.42
52,30,28,1,3,3,4,2,67,97547.22,12.9
42,17,11,1,0,2,3,11,82,92070.62,11.35
55,32,31,1,3,2,3,3,84,88218.42,9.54
52,28,26,0,0,2,3,4,39,106205.31,10.7
46,22,19,1,3,2,4,10,0,77893.1,12.12
33,8,2,1,1,3,3,7,19,83327.34,13.29
22,0,0,2,2,4,3,12,21,82221.44,9.1
43,19,12,1,3,3,2,10,53,85179.86,7.2
58,33,32,0,4,4,2,8,76,128545.34,10.32
22,0,0,2,2,4,4,11,64,81965.26,12.17
22,0,0,1,2,2,2,13,14,52375.95,8.39
42,20,13,1,0,2,2,13,60,92354.42,9.24
36,10,5,1,3,3,4,6,78,74764.39,14.21
38,16,15,1,2,2,3,12,13,75278.39,8.79
43,20,13,3,4,1,2,9,68,95967.18,13.76
59,33,26,0,4,2,2,5,48,105378.12,7.25
56,31,26,1,4,5,2,14,5,146167.41,8.1
37,11,9,1,0,1,3,2,40,72797.36,8.82
29,3,0,1,1,3,4,8,30,72694.31,10.67
38,13,11,1,3,4,4,9,89,81638.44,12.83
38,13,13,2,2,3,2,0,63,87366.19,4.91
47,24,17,3,3,3,4,8,88,101748.42,10.71
34,9,4,1,2,3,3,2,50,79223.5,9.49
38,14,14,1,0,2,3,8,58,83501.34,9.41
59,35,29,2,3,1,4,12,54,87320.42,11.55
38,15,15,1,0,5,3,9,48,126040.7,7.44
35,13,8,1,0,2,2,0,39,86132.76,7.41
27,5,4,1,3,3,4,7,14,66793.06,8.58
56,32,29,1,3,2,3,5,69,85514.91,5.92
35,10,4,1,2,1,3,13,64,54739.24,11.65
29,6,4,2,4,5,4,8,6,107380.55,9.65
36,14,10,2,0,3,4,3,61,110910.18,12.35
48,26,20,1,1,1,4,11,53,82586.42,14.56
34,8,8,0,2,5,2,4,51,89718.1,5.16
52,28,27,3,2,3,3,5,50,116549.45,12.58
56,31,26,1,4,2,2,11,3,106475.85,7.14
27,4,3,2,4,3,3,8,0,85059.09,7.99
26,4,3,0,0,1,3,5,65,45200.97,9.75
43,17,12,1,2,3,4,8,97,86643.34,12.86
44,20,16,1,2,1,1,1,34,69870.66,6.15
46,22,17,2,1,2,2,13,76,96755.89,12.34
55,32,28,0,0,3,3,3,80,120861.49,8.29
47,25,20,1,0,4,5,2,9,134502.37,9
26,3,3,1,4,3,4,3,66,79242.15,11.09
47,24,20,2,0,1,5,0,67,98034.24,13.15
41,15,15,3,1,4,3,1,88,112230.99,7.93
27,3,0,3,0,3,1,3,92,93549.9,10.37
27,2,0,3,3,3,3,9,64,67927.38,14.08
39,15,11,0,3,1,4,3,50,51338.09,9
25,1,0,0,1,4,2,4,29,66558.24,6.63
38,12,8,1,4,4,3,8,38,99551.47,9.34
35,10,10,1,2,3,2,0,9,79487.47,7.95
35,13,6,2,0,4,3,7,92,123604.36,10.23
34,9,3,2,4,2,3,2,43,74294.53,10.52
28,6,0,1,4,4,2,8,31,89762.5,7.41
36,11,6,2,0,2,3,10,43,89467.17,11.24
40,17,15,3,2,1,3,7,62,78835.49,12.98
56,31,25,1,0,3,3,7,60,128822.57,10.09
38,12,5,1,2,3,4,8,64,80270.78,11.69
56,34,28,1,1,2,2,14,40,107355.42,10.38
40,16,9,1,2,1,4,3,80,59266.04,14.55
41,15,15,1,4,1,1,11,11,75600.01,6.59
57,35,28,1,1,2,3,4,1,107830.78,9.45
56,34,28,0,3,1,3,11,72,73609.11,10.55
53,29,27,3,1,1,5,6,75,103062.33,14.85
45,22,21,1,2,2,3,1,59,84083.71,11.49
38,12,7,1,1,5,2,6,24,108303.01,0.97
28,4,3,3,1,3,3,11,99,86487.83,11.85
22,0,0,1,3,2,3,2,60,46891.65,11.16
56,33,27,1,2,5,3,5,98,131135.89,7.43
53,27,22,2,4,3,2,12,21,123657.39,9.44
57,33,26,1,1,2,3,5,96,98509.34,10.84
34,11,11,2,0,2,2,5,55,87261.89,9.35
27,1,0,1,4,2,4,9,20,67113.25,14.86
35,10,5,0,1,1,3,14,54,52422.34,13.2
58,36,34,1,4,2,2,1,39,107790.88,6.22
36,13,8,1,0,2,4,8,50,90870.25,10.13
25,3,1,2,4,2,4,7,21,67581.66,12.09
37,12,11,2,4,3,3,6,27,91099.34,9.05
49,25,25,3,0,2,1,10,3,125021.28,3.49
37,13,8,2,0,3,4,13,25,111422.37,14.1
25,0,0,1,0,3,3,11,86,83614.87,12.7
47,24,22,2,3,5,5,11,59,109755.79,12.65
49,26,24,2,0,2,1,14,22,114356.35,4.09
53,27,20,2,4,4,1,8,40,130545.17,5.35
23,1,0,2,0,4,5,3,57,95184,13.85
52,28,28,1,1,3,5,14,7,111288.36,11.48
24,0,0,1,0,3,1,1,95,82079.13,7.96
29,6,6,2,0,1,4,3,50,64602.32,11.81
45,22,20,1,2,5,3,13,60,118390.47,6.96
36,10,4,1,4,1,4,11,0,61505.79,12.46
52,27,23,2,4,3,4,9,29,123727.47,14.88
30,8,2,1,1,2,2,10,91,67030.72,12.48
23,0,0,0,3,2,3,13,16,41761.4,11.68
29,4,0,0,2,3,1,2,22,67128.86,5.51
28,5,0,2,1,4,1,1,23,92994.17,2.9
37,14,14,1,1,2,1,1,85,73724.05,6.69
56,33,31,2,4,5,4,13,68,149231.41,11.37
51,26,19,1,2,3,3,7,88,98348.54,6.6
31,9,8,1,4,1,3,12,51,60343.91,10.77
59,36,29,1,3,1,4,4,70,78031.07,11.5
39,15,14,2,4,3,3,11,57,101422.75,8.23
26,4,1,1,0,1,3,13,21,49395.21,11.94
50,26,25,3,4,2,1,5,58,107115.14,4.76
55,33,29,3,0,1,3,7,43,123174.94,11.66
44,21,20,2,1,2,2,6,36,90720.09,8.72
26,0,0,3,3,3,4,6,33,67932.54,9.6
51,28,27,1,0,2,3,11,99,111295.9,11.39
27,2,0,1,3,1,4,12,56,44396.23,14.08
25,0,0,2,4,2,4,6,56,64620.93,13.23
50,28,28,2,4,2,4,11,39,103854.11,8.72
44,19,16,2,1,1,3,10,19,79933.09,11.02
27,4,0,2,4,3,3,10,16,78526.78,12.92
53,29,25,3,0,3,4,6,51,145438.56,14
39,16,14,1,1,1,1,7,3,70173.85,6.82
36,14,9,2,3,2,2,0,62,70707.25,4.64
53,28,26,2,1,2,4,12,49,106020.02,11.93
30,6,0,2,3,2,4,2,81,63489.57,14.42
58,32,31,1,2,3,3,14,91,109146.39,12.35
31,7,0,2,0,2,4,0,49,83010.21,14.11
41,17,16,3,0,2,3,7,15,107489.31,9.22
27,4,0,1,3,3,2,1,71,59558.36,6.77
24,0,0,2,4,1,4,6,60,49030.06,15.1
32,10,3,1,4,3,4,5,43,86342.58,9.81
38,16,10,3,2,2,5,10,17,86427.29,15.87
53,29,27,1,3,2,1,0,49,84589.41,6.08
25,1,0,1,2,3,4,11,92,63199.59,13.94
25,0,0,1,3,3,3,14,79,51944.07,13.06
38,12,9,2,2,2,1,5,29,80635.85,7.38
40,16,14,0,3,3,4,8,48,67512.24,11.57
26,1,0,2,0,4,2,2,97,103217.64,9.55
53,27,27,3,2,5,3,11,93,135169.3,11.2
43,21,21,2,2,3,3,6,20,100034.23,8.14
27,2,0,0,3,4,3,3,21,66852.37,8.85
56,30,24,3,1,1,3,0,46,98174.58,10.01
43,18,15,2,1,2,3,6,24,82529.21,7.76
22,0,0,1,0,1,3,0,85,54050.03,12.49
41,18,11,0,4,1,3,10,55,70008.37,11.54
43,21,17,1,4,2,4,3,63,91127.89,12.9
32,8,8,2,0,3,4,12,27,101544.62,9.23
34,10,5,0,4,2,3,14,32,68578.27,10.49
24,0,0,1,3,3,3,8,65,56763.55,10.8
30,5,1,2,1,2,4,4,3,67697.74,12.51
33,11,4,1,0,2,3,6,79,72335.48,8.72
44,20,14,2,3,2,3,12,11,78259.78,11.87
35,9,2,2,0,2,4,6,16,81001.81,9.27
54,32,26,0,1,2,1,14,35,98758.91,5.83
39,14,8,2,4,3,3,11,15,97476.77,13.35
30,6,6,1,3,1,3,2,22,38325.23,8.93
44,20,19,1,1,1,1,12,71,72747.88,9.97
31,7,7,2,0,3,3,10,8,93957.45,9.28
40,18,12,1,2,2,4,7,77,83137.49,14.38
26,4,0,3,3,2,4,0,54,55241.85,14.13
44,22,22,1,0,1,2,3,72,83582.55,7.46
51,29,23,0,0,2,5,9,63,100956.04,11.12
46,20,14,3,1,3,4,3,46,112159.22,9.17
49,26,26,1,0,4,3,1,89,136677.46,8.08
55,29,29,2,3,3,3,5,99,101564.88,11.65
46,22,18,1,3,1,3,14,66,60810.01,13.62
31,5,0,2,0,3,4,0,9,88143.07,10.5
35,10,10,0,1,1,3,2,88,52232.79,10.62
51,29,26,1,3,2,4,8,3,89623.65,6.95
46,21,16,1,2,1,3,11,29,72840.9,10.08
35,10,7,0,4,3,3,9,10,76115.11,7.86
56,32,28,2,1,3,3,5,50,121871.65,10.01
55,33,32,1,1,3,4,1,18,118883.46,8.62
31,6,3,1,4,3,3,11,12,74090.16,8.04
56,32,25,0,4,1,2,11,56,88178.64,11.95
32,10,4,2,3,2,3,14,99,63985.83,10.84
32,9,4,2,0,3,4,14,2,107735.11,13.24
42,18,16,1,0,3,4,8,77,108542.53,12.98
42,16,11,1,2,3,3,12,73,92772.17,10.6
43,21,18,1,0,2,5,1,37,96033.49,15.38
28,3,1,2,2,3,2,11,26,75706.67,9.22
38,13,9,0,2,2,1,6,87,59804.99,5.52
23,0,0,1,1,3,2,14,79,69462.43,11.32
33,7,2,2,1,2,2,0,9,69952.33,7.38
39,14,13,3,3,4,2,4,52,94095.69,8.06
32,10,8,1,4,1,4,6,26,63893.77,10.57
37,13,11,2,4,3,4,2,6,100541.53,10.31
39,13,8,1,2,3,4,3,91,83333.9,9.05
56,30,27,3,4,1,4,4,89,112592.36,15.78
47,21,19,1,2,1,4,2,81,71035.59,13.56
37,14,10,1,4,3,3,14,12,93773.93,6.04
27,5,0,2,3,1,4,5,71,48924.77,13.37
33,11,7,0,1,1,3,14,90,56305.23,14.3
34,12,7,1,1,5,5,2,59,109096.56,10.76
25,3,0,0,2,3,3,7,13,58338.36,9.2
23,1,0,2,4,2,2,6,43,67215.57,11.7
47,22,17,0,0,3,4,0,69,101035.98,9.18
48,22,15,2,3,2,4,1,83,82813.58,8.84
48,23,17,1,4,4,3,3,27,124099.08,9.38
36,13,12,0,0,3,3,4,22,90341.47,6.87
29,5,2,1,3,4,2,13,11,71759.21,6.66
28,2,0,1,3,1,5,13,23,32462.4,15.46
33,10,3,2,1,3,2,10,50,87784.51,7.64
34,9,4,2,2,1,2,13,21,60830.52,7.9
38,14,11,1,4,1,1,9,61,68596.37,7.26
38,15,11,0,3,3,3,10,25,71890.24,7.18
57,33,33,2,4,1,2,3,85,102315.03,11.51
42,19,19,2,3,3,4,14,57,89372.11,14.67
29,4,2,2,1,4,4,3,70,87135.12,11.63
26,2,1,2,2,2,3,13,14,57224.16,12.47
47,24,24,1,0,1,4,8,93,84642.76,11.17
37,12,6,2,0,3,1,3,67,101629.38,7.61
57,31,27,1,1,4,3,3,5,120921.25,5.98
49,24,21,0,3,3,3,3,1,74668.49,8.76
50,25,20,2,1,3,3,1,30,107612.2,10.61
33,7,4,3,2,1,4,12,23,65309.31,12.73
58,33,31,2,0,1,2,7,34,114607.7,5.22
51,25,18,1,4,3,4,12,46,112366.62,12.13
44,18,15,1,0,1,4,13,30,82928.8,10.93
37,11,11,1,2,4,4,3,88,89497.11,10.04
35,12,9,2,3,2,5,4,71,66373.04,13.68
31,7,7,1,1,2,5,7,75,62628.56,15.64
28,5,5,2,0,3,3,13,1,93714.62,9.87
58,32,31,1,0,3,3,3,78,145399.72,11.75
50,26,24,2,4,3,3,4,58,112124.38,8.22
24,0,0,3,1,4,4,4,95,94991.13,15.31
36,10,4,1,4,5,3,5,62,109061.36,9.26
57,33,29,1,4,4,5,6,74,141029.62,13.83
40,16,10,2,3,4,3,2,16,93901.19,8.88
34,11,11,1,0,3,3,13,53,93386.52,11.6
42,18,13,2,1,3,3,9,20,99056.57,6.67
58,32,30,2,3,1,4,10,21,84886.6,11.43
48,26,22,1,3,2,2,2,96,85645.24,10.08
50,28,22,2,3,1,3,12,54,80092.33,12.55
41,19,13,1,2,1,3,8,28,66236.89,11.53
46,20,15,3,2,2,2,0,78,94003.1,8.85
27,5,2,1,3,1,3,14,20,48355.32,9.94
57,34,32,2,2,4,3,9,1,130966.95,6.7
23,0,0,1,1,4,2,11,41,78482.83,6.29
43,17,11,1,0,1,3,12,51,72272.4,12.12
53,27,25,1,1,1,5,7,37,88418.13,11.51
37,13,11,2,0,4,5,9,2,119581.02,11.56
39,15,9,1,2,4,3,2,24,93733.86,6.88
26,2,0,2,1,4,3,4,76,90930.35,12.52
57,32,29,1,4,5,3,2,87,149192.47,11.78
51,28,22,2,3,5,5,9,61,115011.66,12.15
40,14,12,2,0,2,3,0,94,90829.65,11.21
44,18,13,1,0,2,3,9,14,96889.66,9.12
55,31,30,1,4,3,1,13,69,124252.67,5.89
34,8,8,1,4,2,3,4,9,68965.6,9.91
50,24,21,1,3,4,2,7,72,97046.03,8.13
57,35,29,1,2,2,4,4,68,99500.93,12.59
43,17,10,2,1,3,3,14,43,103426.65,11.97
57,32,31,1,1,2,3,3,40,105626.84,10.26
30,6,3,2,1,2,3,8,82,65540.21,11.15
40,17,10,3,2,3,4,12,19,105586.33,13.35
59,36,34,1,3,4,1,0,96,124781.89,5.04
27,5,0,2,1,2,3,4,36,61301.53,9.04
36,13,12,0,0,4,4,0,94,107979.95,10.97
41,18,12,2,0,4,5,14,38,121686.4,15.51
30,6,1,1,0,3,3,5,76,86035.92,10.21
53,29,24,2,4,3,3,14,69,116163.64,9.03
25,0,0,3,4,3,3,9,7,89125.23,10.8
39,17,17,1,2,1,4,8,42,63676.48,10.62
26,3,3,2,1,1,2,10,9,57543.41,7.48
41,16,13,1,4,4,3,13,40,108873.49,9.51
44,22,22,0,0,3,2,1,3,115939.12,0.21
32,9,3,2,4,1,1,12,77,60541.98,8.22
58,35,29,0,0,3,2,12,3,120435.22,5.91
43,19,15,2,1,2,5,3,23,87185.58,15.16
25,0,0,0,2,1,3,7,20,33729.82,10.43
50,28,23,2,3,2,5,13,9,82134.38,16.83
55,32,25,1,3,2,3,2,45,89009.5,10.74
34,12,5,1,0,1,5,13,88,71906.21,16.88
30,5,4,1,4,2,4,6,69,71224.92,12.61
52,27,26,1,4,3,2,11,79,117221.26,9.49
28,2,0,1,0,1,3,6,43,50604.29,11.79
25,2,0,1,1,2,3,13,91,53371.14,11.38
40,16,11,1,0,2,3,14,99,82963.95,13.03
51,28,27,1,1,1,3,1,32,84210.46,9.07
52,30,23,1,2,1,3,11,93,82783.75,12.74
56,31,28,1,2,1,4,9,35,86488.77,14.76
42,20,16,1,0,1,4,3,24,76447.56,10.51
52,26,19,3,2,4,3,0,12,124033.47,5.56
40,15,10,1,4,2,5,7,38,83590.91,12.27
52,28,26,1,1,1,5,9,78,82407.09,16.49
53,28,21,1,3,1,1,9,37,74166.91,7.24
23,0,0,2,3,2,1,8,29,51032,7.77
31,8,3,0,2,3,3,0,13,73852.95,4.53
23,0,0,2,1,2,3,10,49,66735.2,14.03
23,0,0,1,4,1,3,6,67,45265.42,11.39
45,22,17,1,3,2,3,0,0,77722.68,7.74
38,15,12,2,4,3,4,11,60,94597.95,12.28
53,29,23,1,4,1,4,0,2,88830.19,7.28
37,12,12,1,3,3,2,8,49,73497.84,8.16
37,14,11,2,3,2,4,9,60,68179.74,10.9
52,26,20,2,2,1,4,9,35,82545.45,13.05
45,23,16,2,1,3,3,5,3,103603.03,7.14
22,0,0,2,0,3,4,0,42,91918.82,11.27
32,8,7,2,1,3,2,6,13,81175.83,7.65
42,19,19,2,0,2,3,2,88,106472.65,8.68
25,0,0,0,3,2,2,9,66,39932.89,14.63
28,3,0,2,4,2,1,3,6,71384.48,4.91
47,21,17,2,1,3,3,13,7,101985.84,10.42
33,7,6,0,4,3,2,3,43,73588.56,7.54
52,28,25,1,1,1,4,7,63,86613.78,14.95
38,13,13,0,1,3,4,0,6,82926.76,7.18
54,31,27,2,4,3,2,7,47,129163.69,6.65
32,8,3,1,2,2,1,8,61,63758.75,8.41
49,26,24,3,3,4,4,10,24,114154.22,11.8
53,31,28,1,2,4,1,6,80,120108.3,6.65
22,0,0,2,2,1,3,0,89,45979.46,14.47
49,27,21,1,1,4,3,14,67,122881.3,10.49
28,2,0,2,3,2,4,6,63,54765.02,14.06
23,0,0,2,1,3,4,5,17,73951.97,13.64
45,22,19,2,0,4,4,4,3,131157.38,9.22
25,2,0,2,1,2,3,4,16,61430.15,8.73
40,16,12,2,4,2,4,0,46,90961.95,9.43
47,22,20,0,1,4,3,5,80,102468.97,8.43
32,10,9,1,0,1,3,12,44,66831.08,11.65
32,10,10,2,1,2,3,14,88,68410.61,14.01
24,1,1,1,0,2,4,3,57,73739.26,16.31
33,10,5,1,3,4,2,13,2,82192.67,6.06
24,1,0,1,1,4,2,13,11,78702.48,6.09
48,24,22,1,0,1,4,0,90,97785.32,9.91
23,0,0,1,3,4,4,11,16,64117.43,11.29
37,15,12,2,4,2,4,7,21,85318.36,11.18
23,0,0,1,2,5,3,7,38,88378.58,10.13
51,27,24,0,0,3,4,14,38,121009.26,15.14
41,19,16,0,4,1,4,11,99,66370.79,14.93
59,34,33,2,3,1,3,12,15,86559.74,10.78
49,25,24,3,4,1,3,10,50,98538.5,13.27
46,24,21,2,1,1,2,3,28,84899.69,5.36
53,29,22,1,2,3,3,12,77,102913.04,11.28
31,9,5,3,0,1,3,6,70,82649.87,9.26
54,32,31,2,3,5,3,2,40,116398.92,9.44
34,9,8,2,2,3,3,7,56,82703.65,7.82
58,32,32,2,3,3,2,6,27,100526.02,8.5
37,12,7,1,4,1,4,13,76,63538.64,15.27
43,21,21,1,3,4,2,4,79,91565.45,9.45
41,17,13,1,3,3,3,4,20,74521.92,6.49
48,23,22,1,4,4,4,8,3,116464.18,9.14
37,11,5,2,4,5,3,5,98,116845.15,11.05
55,33,26,2,2,1,3,14,14,92695.47,11.47
53,28,27,2,0,1,3,5,52,104595.43,11.33
47,22,20,1,4,4,4,1,89,120233.21,11.74
46,21,17,0,2,4,5,10,45,104906.28,11.72
23,0,0,0,3,3,4,4,6,52080.36,8.9
33,9,4,1,3,2,4,11,17,54675.67,10.16
30,4,0,1,1,3,1,3,88,76102.79,7.51
33,7,1,2,4,2,4,9,20,76188.05,11.88
47,25,20,0,2,1,5,14,7,66984.51,13.11
30,7,0,3,2,2,3,2,58,73911.94,11.54
31,7,1,1,0,1,4,8,19,64634.6,15.28
53,31,27,2,2,2,3,10,81,98912.73,10.05
55,33,27,1,4,5,3,11,82,145154.81,8.56
41,16,10,1,2,4,4,6,66,98137.86,10.72
23,0,0,2,1,4,3,14,54,83836.95,10.31
22,0,0,2,3,4,3,3,61,66988.55,5.67
57,33,33,1,3,2,4,8,17,96797.99,9.92
45,22,18,1,2,4,4,8,90,104110.58,11.44
48,26,22,0,2,4,4,11,78,103738,11.85
23,0,0,2,2,4,3,14,55,79315,10.43
52,29,26,3,2,3,3,6,84,115950.07,13.43
35,9,6,0,1,1,5,4,21,51742.37,13.46
23,1,1,1,4,1,3,12,7,42189.2,9.85
50,27,20,3,1,1,5,8,10,100485.74,12.92
36,13,10,1,1,5,4,13,11,104764.55,8.67
33,8,5,2,1,2,4,12,47,71172.98,11.2
58,35,32,1,3,4,3,6,62,114336.96,10.58
49,26,19,1,1,2,3,8,26,96767.02,7.71
41,15,14,1,2,3,4,10,34,74396.14,11.24
45,23,23,1,1,1,3,2,1,77212.23,7.39
42,18,16,0,2,1,4,10,98,60964.75,13.51
31,9,6,2,4,2,4,8,94,79166.76,15.1
35,10,5,2,3,3,3,0,7,72712.3,7.69
58,36,30,2,4,1,4,4,19,107043.47,11.78
39,16,15,2,4,3,3,12,7,103981.36,9.68
45,20,13,1,3,2,3,12,62,74756.68,11.79
35,13,6,0,2,4,3,1,67,82384.39,6.2
55,30,23,2,2,1,4,0,30,91035.11,9.88
33,9,6,1,2,3,3,13,31,77774.27,10.25
43,21,15,1,3,2,3,2,12,76371.75,6.81
27,4,0,1,1,3,3,6,85,69510.13,11.12
57,32,31,0,0,2,3,14,25,113555.15,10.29
57,31,31,1,1,3,3,2,80,105998.73,10.99
43,18,11,2,1,4,2,9,28,110500.76,8.22
35,9,4,3,4,1,4,9,90,70550.25,17
37,14,9,2,0,1,3,10,85,80861.29,12.64
57,33,28,3,2,3,3,8,17,124827.61,9.42
46,20,13,3,1,3,2,2,68,104619.02,6.98
53,29,26,1,3,2,5,10,11,87807.13,13.63
54,29,28,1,1,2,3,5,1,89105.58,9.95
57,34,27,2,2,1,4,14,41,88583.31,12.72
41,15,10,1,1,1,4,1,6,69262.59,10.62
39,14,8,1,4,2,4,7,46,80236.41,13.23
59,37,30,1,4,4,4,9,89,148393.05,10.72
24,0,0,1,1,2,2,14,53,58063.87,11.65
44,20,16,1,4,3,4,4,14,101901.92,10.4
53,30,23,1,3,4,3,1,57,103726.75,4.54
37,14,10,1,0,2,4,13,32,84513.91,11.32
26,1,0,2,1,3,5,13,66,75968.59,14.57
25,3,0,1,3,4,5,6,62,68997.5,13.19
42,18,15,2,3,1,2,2,47,65448.24,7.52
35,10,7,1,3,2,3,13,65,57202.33,11.26
52,27,27,1,2,5,3,4,80,125694.53,9.83
35,12,12,1,1,5,2,10,64,115158.05,9.02
27,3,0,1,1,1,2,8,35,49717.99,10.15
33,11,9,2,1,1,3,0,16,63625.76,10.63
37,14,8,2,0,2,5,14,1,95913.48,14.81
38,13,13,2,3,2,3,1,32,69365.16,8.6
44,21,18,3,1,2,4,4,92,99326.86,15.43
35,12,6,1,4,3,3,13,5,90862.73,9.02
28,2,0,1,2,4,4,3,42,81347.98,11.43
53,30,30,1,0,2,5,0,99,119943.93,12.32
36,13,12,1,2,4,3,13,87,93583.35,11.32
38,14,10,1,3,1,2,6,10,49714.87,7.93
55,32,32,1,4,1,3,8,4,95906.18,10.55
26,4,0,1,3,2,5,0,29,51314.11,12.83
48,23,23,1,1,1,3,7,9,79703.39,8.14
44,20,13,0,2,2,3,8,90,70448.94,11.45
35,12,11,2,4,4,2,1,90,110251.89,8.58
36,14,11,2,2,1,2,12,23,66985.13,8.58
54,29,24,2,0,3,4,0,58,129493.77,9.28
52,28,27,2,4,2,3,5,66,99439.55,9.79
56,34,29,1,0,1,3,13,60,112098.48,14.15
38,15,15,1,4,3,3,6,25,89820.69,6.89
49,23,20,1,1,4,5,1,38,107580.31,9.41
40,14,12,2,2,2,2,4,81,75754.56,11.7
44,20,20,2,2,3,4,4,2,102300.97,9.29
53,31,30,1,3,4,3,6,37,107339.04,6.28
34,9,7,1,4,3,4,11,41,86392.67,9.34
41,19,15,3,4,1,5,10,47,87473.92,16.14
56,30,28,1,0,3,3,0,88,130187.12,9.74
26,2,1,2,4,2,2,9,12,66342.48,10.03
30,7,1,1,2,3,2,7,88,71835.83,8.81
50,28,26,1,4,2,4,4,87,99160.03,10.5
27,1,0,2,3,1,2,11,55,41883.02,12.19
46,21,15,2,3,3,3,2,58,97030.64,7.5
52,28,28,2,2,2,3,12,62,100017.52,11.21
43,20,14,1,2,2,3,12,79,77490.56,10.24
23,1,0,1,2,4,2,8,42,71419.08,10.77
26,1,0,2,4,4,4,10,74,90446.08,14.97
48,25,19,1,4,2,4,2,56,89945.94,14.97
46,20,17,1,1,2,3,6,20,88624.53,9.76
29,3,0,2,0,2,4,9,94,63581.83,15.69
22,0,0,1,4,2,4,11,53,56439.41,14.94
41,15,9,1,1,5,4,6,78,106299.91,8.18
44,20,19,2,1,3,3,13,52,104791.59,8.05
53,28,21,3,3,2,3,9,44,90072.82,11.89
32,6,5,1,4,2,4,11,35,70159.41,11.01
45,23,19,1,1,3,4,7,62,92844.59,11.43
32,6,5,2,3,3,3,14,0,73540.65,6.89
50,26,21,2,0,3,3,9,91,130415.11,10.45
47,24,23,2,3,1,3,7,96,72131.81,11.7
37,14,13,1,0,1,3,3,66,69725.08,11.67
56,30,29,1,2,2,3,13,78,93823.02,11.91
41,18,18,2,2,2,3,0,32,86325.09,6.49
24,0,0,2,3,1,3,3,31,38809.17,10.35
22,0,0,2,2,4,4,5,86,80325.51,14.78
22,0,0,1,4,2,2,9,57,56487.26,9.43
38,16,9,1,3,4,3,10,25,88167.48,9.77
23,0,0,1,1,1,3,12,60,37423.65,12.28
50,27,25,3,4,1,3,5,16,106373.36,10.42
41,17,17,2,3,2,3,5,72,76709.3,10.68
27,3,0,1,0,1,4,13,68,46470.54,15.14
29,7,0,0,2,4,3,11,28,71860.76,7.81
50,26,25,1,2,1,4,6,62,83242.31,10.04
54,30,23,0,2,2,4,11,5,89552.34,10.95
24,1,0,2,3,4,4,10,58,67398.57,13.16
56,30,30,2,4,2,4,0,98,109223.29,11.54
26,1,0,1,0,1,4,9,20,49841.89,11.89
48,24,18,1,2,2,3,0,44,88878.44,10.53
33,9,3,2,4,2,5,6,44,82193.89,15.01
41,16,9,1,1,1,3,11,86,67501.65,13.33
41,17,17,1,1,2,2,3,34,79810.05,9.34
30,7,5,3,0,4,3,5,51,114542.32,7.52
25,2,0,2,2,4,4,5,45,88949.93,12.3
40,15,11,2,1,1,2,8,65,69810.76,7.6
59,35,35,1,4,1,5,1,56,102445.87,12.64
48,24,21,1,4,2,3,3,41,91041.13,8.46
34,8,2,0,1,3,4,3,72,67932.74,9.64
34,10,8,1,2,2,3,6,76,67225.12,10.42
43,20,13,2,0,4,3,0,97,130504.32,12.54
49,27,21,1,2,3,2,4,15,96900.56,6.31
43,21,18,2,3,1,3,13,4,67330.52,11.96
40,18,16,1,1,3,3,10,0,103950.98,8.42
29,7,1,1,3,1,5,3,21,45347.8,11.52
29,5,2,3,1,2,3,1,47,73300.51,8.63
47,23,20,1,0,1,4,4,25,87753.32,10.21
47,21,15,1,2,1,3,8,33,75329.97,10.06
44,20,13,1,2,3,1,14,57,91598.29,7.95
34,12,6,1,1,3,3,7,84,85993.28,11.58
49,24,19,1,4,1,2,8,6,85960.35,8.04
30,5,5,1,3,5,4,6,24,88159.16,10.51
41,18,18,2,2,2,4,9,56,80835.48,11.6
40,17,15,2,2,1,3,6,11,67118.03,10.37
33,9,5,1,1,1,4,13,30,53644.16,13.42
36,11,5,0,4,3,2,13,26,84117.85,8.7
52,30,23,2,3,5,4,12,85,123310.11,11.05
35,13,8,0,4,3,4,1,33,85348.13,11.92
32,10,10,2,4,4,4,11,80,109112.29,11.25
47,23,23,2,1,2,3,12,74,98574.68,11.12
48,24,17,1,4,2,3,2,92,92938.42,11.41
32,6,1,2,3,2,3,10,33,54401.47,9.4
59,37,36,3,0,3,5,9,36,152654.34,12.18
55,33,28,2,0,2,5,7,57,129546.83,14.21
40,16,9,1,3,4,3,10,59,89228.87,6.7
27,3,3,1,1,1,4,1,25,40287.4,9.32
59,33,29,3,2,2,5,6,44,101702.82,14.05
49,23,22,1,1,2,3,11,44,92262.08,9.12
22,0,0,2,3,3,4,5,31,64480.88,14.74
56,31,24,0,4,2,3,11,68,101784.77,11.76
29,7,4,0,0,2,3,9,83,72589.93,11.47
28,6,1,2,4,2,2,3,70,74383.29,10.11
32,6,3,2,1,3,3,10,22,76684.71,10.48
25,0,0,2,3,3,4,14,64,60994.3,14.64
46,23,22,3,0,3,3,3,38,130169.81,7.55
33,8,7,1,3,2,2,14,66,55011.56,10.23
47,24,22,1,0,5,3,2,44,143346.56,5.98
59,34,29,3,0,4,3,13,66,162874.08,11.59
33,11,4,1,0,2,3,5,62,78414.14,10.34
58,35,29,2,1,1,3,2,69,92975.65,9.66
45,19,15,1,3,2,2,14,94,71338.9,13.64
37,14,10,0,2,2,4,8,53,71231.5,13.44
34,11,4,1,2,4,5,3,26,82346.46,10.8
46,24,21,1,2,3,3,3,92,98480.48,10.62
25,0,0,2,3,4,4,1,78,68812.53,12.71
